fixture,code,class,measure,staff,voice,expectedPitch,generatedPitch,expectedOnset,generatedOnset,expectedDuration,generatedDuration,pitchDeltaSemitones,onsetDiffQuarters,durationDiffQuarters,clusterHint,likelyPipelineStage,source
piano-beginner-single-vector,onset-mismatch,rhythm,7,1,1,G4,G4,1.5,1,0.5,1,0,0.5,0.5,voice-onset-assignment,rhythm_packing,event-match
piano-beginner-single-vector,duration-mismatch,rhythm,7,1,1,G4,G4,1.5,1,0.5,1,0,0.5,0.5,duration-inference,duration_inference,event-match
piano-beginner-single-vector,missing-rest,rhythm,7,1,1,rest,,2,,1,,,,,other,unknown / late MusicXML,event-match
piano-beginner-single-vector,missing-note,pitch,7,1,1,A4,,3,,1,,,,,missing-or-extra-extraction,symbol_detection,event-match
piano-beginner-single-vector,extra-note,pitch,7,1,1,,A4,,2,,2,,,,missing-or-extra-extraction,symbol_detection,event-match
piano-beginner-single-vector,onset-mismatch,rhythm,8,1,1,E4,E4,3,2.75,1,1,0,0.25,0,voice-onset-assignment,rhythm_packing,event-match
piano-beginner-single-vector,onset-mismatch,rhythm,8,1,1,A4,A4,0.5,1,0.5,0.5,0,0.5,0,voice-onset-assignment,rhythm_packing,event-match
piano-beginner-single-vector,onset-mismatch,rhythm,8,1,1,G4,G4,1,1.5,1,0.5,0,0.5,0.5,voice-onset-assignment,rhythm_packing,event-match
piano-beginner-single-vector,duration-mismatch,rhythm,8,1,1,G4,G4,1,1.5,1,0.5,0,0.5,0.5,duration-inference,duration_inference,event-match
piano-beginner-single-vector,onset-mismatch,rhythm,8,1,1,B4,B4,0,0.75,0.5,0.25,0,0.75,0.25,voice-onset-assignment,rhythm_packing,event-match
piano-beginner-single-vector,duration-mismatch,rhythm,8,1,1,B4,B4,0,0.75,0.5,0.25,0,0.75,0.25,duration-inference,duration_inference,event-match
piano-beginner-single-vector,tempo-mismatch,interpretation,1,,,,,,,,,,,,other,unknown / late MusicXML,evaluator-compact
piano-grand-voices-vector,missing-tie,sustain,3,1,1,A4,A4,3,3,1,1,0,0,0,sustain-tie,sustain_association,event-match
piano-grand-voices-vector,incorrect-pitch,pitch,3,1,1,G#4,G4,0,0,1,1,-1,0,0,accidental-or-staff-position,pitch_mapping,event-match
piano-grand-voices-vector,incorrect-pitch,pitch,3,1,1,B4,C5,0,0,1,1,1,0,0,accidental-or-staff-position,accidental_state,event-match
piano-grand-voices-vector,incorrect-pitch,pitch,3,1,1,G#4,G4,2,2,1,1,-1,0,0,accidental-or-staff-position,pitch_mapping,event-match
piano-grand-voices-vector,incorrect-pitch,pitch,3,1,1,B4,C5,2,2,1,1,1,0,0,accidental-or-staff-position,accidental_state,event-match
piano-grand-voices-vector,incorrect-chord,measure-structure,3,1,1,,,,,,,,,,chord-grouping,pitch_mapping,chord-integrity
piano-grand-voices-vector,incorrect-chord,measure-structure,3,1,1,,,,,,,,,,chord-grouping,pitch_mapping,chord-integrity
piano-grand-voices-vector,missing-tie,sustain,4,1,1,A#4,A#4,3,3,1,1,0,0,0,sustain-tie,sustain_association,event-match
piano-grand-voices-vector,incorrect-pitch,pitch,5,1,1,B4,C5,0,0,1,1,1,0,0,accidental-or-staff-position,pitch_mapping,event-match
piano-grand-voices-vector,incorrect-pitch,pitch,5,1,1,B4,C5,2,2,1,1,1,0,0,accidental-or-staff-position,pitch_mapping,event-match
piano-grand-voices-vector,incorrect-pitch,pitch,5,1,1,C5,B4,3,3,1,1,-1,0,0,accidental-or-staff-position,pitch_mapping,event-match
piano-grand-voices-vector,incorrect-pitch,pitch,5,1,1,G4,F4,0,0,1,1,-2,0,0,accidental-or-staff-position,pitch_mapping,event-match
piano-grand-voices-vector,incorrect-pitch,pitch,5,1,1,A4,G4,1,1,1,1,-2,0,0,accidental-or-staff-position,pitch_mapping,event-match
piano-grand-voices-vector,incorrect-pitch,pitch,5,1,1,D5,A4,0,0,1,1,-5,0,0,staff-pitch-assignment,pitch_mapping,event-match
piano-grand-voices-vector,incorrect-pitch,pitch,5,1,1,D5,A4,2,2,1,1,-5,0,0,staff-pitch-assignment,pitch_mapping,event-match
piano-grand-voices-vector,incorrect-chord,measure-structure,5,1,1,,,,,,,,,,chord-grouping,pitch_mapping,chord-integrity
piano-grand-voices-vector,incorrect-chord,measure-structure,5,1,1,,,,,,,,,,chord-grouping,pitch_mapping,chord-integrity
piano-grand-voices-vector,incorrect-pitch,pitch,6,1,1,C#5,C5,0,0,1,1,-1,0,0,accidental-or-staff-position,pitch_mapping,event-match
piano-grand-voices-vector,incorrect-pitch,pitch,6,1,1,C#5,C5,2,2,1,1,-1,0,0,accidental-or-staff-position,pitch_mapping,event-match
piano-grand-voices-vector,incorrect-pitch,pitch,6,1,1,A4,G4,0,0,1,1,-2,0,0,accidental-or-staff-position,pitch_mapping,event-match
piano-grand-voices-vector,incorrect-pitch,pitch,6,1,1,B4,A4,1,1,1,1,-2,0,0,accidental-or-staff-position,pitch_mapping,event-match
piano-grand-voices-vector,incorrect-pitch,pitch,6,1,1,D5,C5,3,3,1,1,-2,0,0,accidental-or-staff-position,pitch_mapping,event-match
piano-grand-voices-vector,incorrect-pitch,pitch,6,1,1,E5,C5,0,0,1,1,-4,0,0,staff-pitch-assignment,pitch_mapping,event-match
piano-grand-voices-vector,incorrect-pitch,pitch,6,1,1,E5,C5,2,2,1,1,-4,0,0,staff-pitch-assignment,pitch_mapping,event-match
piano-grand-voices-vector,incorrect-chord,measure-structure,6,1,1,,,,,,,,,,chord-grouping,pitch_mapping,chord-integrity
piano-grand-voices-vector,incorrect-chord,measure-structure,6,1,1,,,,,,,,,,chord-grouping,pitch_mapping,chord-integrity
piano-grand-voices-vector,incorrect-pitch,pitch,7,1,1,B4,C5,0,0,1,1,1,0,0,accidental-or-staff-position,pitch_mapping,event-match
piano-grand-voices-vector,incorrect-pitch,pitch,7,1,1,B4,C5,2,2,1,1,1,0,0,accidental-or-staff-position,pitch_mapping,event-match
piano-grand-voices-vector,incorrect-pitch,pitch,7,1,1,C5,B4,3,3,1,1,-1,0,0,accidental-or-staff-position,pitch_mapping,event-match
piano-grand-voices-vector,incorrect-pitch,pitch,7,1,1,G4,F4,0,0,1,1,-2,0,0,accidental-or-staff-position,pitch_mapping,event-match
piano-grand-voices-vector,incorrect-pitch,pitch,7,1,1,A4,G4,1,1,1,1,-2,0,0,accidental-or-staff-position,pitch_mapping,event-match
piano-grand-voices-vector,incorrect-pitch,pitch,7,1,1,D5,A4,0,0,1,1,-5,0,0,staff-pitch-assignment,pitch_mapping,event-match
piano-grand-voices-vector,incorrect-pitch,pitch,7,1,1,D5,A4,2,2,1,1,-5,0,0,staff-pitch-assignment,pitch_mapping,event-match
piano-grand-voices-vector,incorrect-chord,measure-structure,7,1,1,,,,,,,,,,chord-grouping,pitch_mapping,chord-integrity
piano-grand-voices-vector,incorrect-chord,measure-structure,7,1,1,,,,,,,,,,chord-grouping,pitch_mapping,chord-integrity
piano-grand-voices-vector,incorrect-pitch,pitch,8,1,1,G#4,A4,0,0,1,1,1,0,0,accidental-or-staff-position,pitch_mapping,event-match
piano-grand-voices-vector,incorrect-pitch,pitch,8,1,1,G#4,A4,2,2,1,1,1,0,0,accidental-or-staff-position,pitch_mapping,event-match
piano-grand-voices-vector,incorrect-pitch,pitch,8,1,1,A4,G4,3,3,1,1,-2,0,0,accidental-or-staff-position,pitch_mapping,event-match
piano-grand-voices-vector,incorrect-pitch,pitch,8,1,1,B4,F#4,0,0,1,1,-5,0,0,staff-pitch-assignment,pitch_mapping,event-match
piano-grand-voices-vector,incorrect-pitch,pitch,8,1,1,B4,F#4,2,2,1,1,-5,0,0,staff-pitch-assignment,pitch_mapping,event-match
piano-grand-voices-vector,incorrect-chord,measure-structure,8,1,1,,,,,,,,,,chord-grouping,pitch_mapping,chord-integrity
piano-grand-voices-vector,incorrect-chord,measure-structure,8,1,1,,,,,,,,,,chord-grouping,pitch_mapping,chord-integrity
piano-grand-voices-vector,tempo-mismatch,interpretation,1,,,,,,,,,,,,other,unknown / late MusicXML,evaluator-compact
piano-rhythm-tuplets-vector,onset-mismatch,rhythm,1,1,1,B4,B4,2,1.75,0.5,0.5,0,0.25,0,voice-onset-assignment,rhythm_packing,event-match
piano-rhythm-tuplets-vector,onset-mismatch,rhythm,1,1,1,C5,C5,2.5,2.25,0.5,0.5,0,0.25,0,voice-onset-assignment,rhythm_packing,event-match
piano-rhythm-tuplets-vector,onset-mismatch,rhythm,1,1,1,B4,B4,3,2.75,0.5,0.25,0,0.25,0.25,voice-onset-assignment,rhythm_packing,event-match
piano-rhythm-tuplets-vector,duration-mismatch,rhythm,1,1,1,B4,B4,3,2.75,0.5,0.25,0,0.25,0.25,duration-inference,duration_inference,event-match
piano-rhythm-tuplets-vector,onset-mismatch,rhythm,1,1,1,A4,A4,3.5,3,0.5,0.5,0,0.5,0,voice-onset-assignment,rhythm_packing,event-match
piano-rhythm-tuplets-vector,duration-mismatch,rhythm,2,1,1,E4,E4,2,2,0.25,0.5,0,0,0.25,duration-inference,duration_inference,event-match
piano-rhythm-tuplets-vector,duration-mismatch,rhythm,2,1,1,G4,G4,2.5,2.5,0.25,0.5,0,0,0.25,duration-inference,duration_inference,event-match
piano-rhythm-tuplets-vector,onset-mismatch,rhythm,2,1,1,C5,C5,1.25,1.5,0.25,0.25,0,0.25,0,voice-onset-assignment,rhythm_packing,event-match
piano-rhythm-tuplets-vector,onset-mismatch,rhythm,2,1,1,C5,C5,3.25,3,0.25,0.25,0,0.25,0,voice-onset-assignment,rhythm_packing,event-match
piano-rhythm-tuplets-vector,onset-mismatch,rhythm,2,1,1,A4,A4,0.75,1,0.25,0.5,0,0.25,0.25,voice-onset-assignment,rhythm_packing,event-match
piano-rhythm-tuplets-vector,duration-mismatch,rhythm,2,1,1,A4,A4,0.75,1,0.25,0.5,0,0.25,0.25,duration-inference,duration_inference,event-match
piano-rhythm-tuplets-vector,onset-mismatch,rhythm,2,1,1,F4,F4,2.25,2,0.25,0.5,0,0.25,0.25,voice-onset-assignment,rhythm_packing,event-match
piano-rhythm-tuplets-vector,duration-mismatch,rhythm,2,1,1,F4,F4,2.25,2,0.25,0.5,0,0.25,0.25,duration-inference,duration_inference,event-match
piano-rhythm-tuplets-vector,onset-mismatch,rhythm,2,1,1,F4,F4,0.25,0.75,0.25,0.25,0,0.5,0,voice-onset-assignment,rhythm_packing,event-match
piano-rhythm-tuplets-vector,onset-mismatch,rhythm,2,1,1,G4,G4,0.5,1,0.25,0.5,0,0.5,0.25,voice-onset-assignment,rhythm_packing,event-match
piano-rhythm-tuplets-vector,duration-mismatch,rhythm,2,1,1,G4,G4,0.5,1,0.25,0.5,0,0.5,0.25,duration-inference,duration_inference,event-match
piano-rhythm-tuplets-vector,onset-mismatch,rhythm,2,1,1,A4,A4,3.75,3.25,0.25,0.5,0,0.5,0.25,voice-onset-assignment,rhythm_packing,event-match
piano-rhythm-tuplets-vector,duration-mismatch,rhythm,2,1,1,A4,A4,3.75,3.25,0.25,0.5,0,0.5,0.25,duration-inference,duration_inference,event-match
piano-rhythm-tuplets-vector,onset-mismatch,rhythm,2,1,1,E4,E4,0,0.75,0.25,0.25,0,0.75,0,voice-onset-assignment,rhythm_packing,event-match
piano-rhythm-tuplets-vector,onset-mismatch,rhythm,2,1,1,B4,B4,1,1.75,0.25,0.25,0,0.75,0,voice-onset-assignment,rhythm_packing,event-match
piano-rhythm-tuplets-vector,onset-mismatch,rhythm,2,1,1,B4,B4,3.5,2.75,0.25,0.25,0,0.75,0,voice-onset-assignment,rhythm_packing,event-match
piano-rhythm-tuplets-vector,onset-mismatch,rhythm,4,1,1,G4,G4,0.5,1,0.5,0.5,0,0.5,0,voice-onset-assignment,rhythm_packing,event-match
piano-rhythm-tuplets-vector,onset-mismatch,rhythm,4,1,1,B4,B4,2.75,3,0.25,1,0,0.25,0.75,voice-onset-assignment,rhythm_packing,event-match
piano-rhythm-tuplets-vector,duration-mismatch,rhythm,4,1,1,B4,B4,2.75,3,0.25,1,0,0.25,0.75,duration-inference,duration_inference,event-match
piano-rhythm-tuplets-vector,onset-mismatch,rhythm,4,1,1,A4,A4,1,1.5,1.5,0.75,0,0.5,0.75,voice-onset-assignment,rhythm_packing,event-match
piano-rhythm-tuplets-vector,duration-mismatch,rhythm,4,1,1,A4,A4,1,1.5,1.5,0.75,0,0.5,0.75,duration-inference,duration_inference,event-match
piano-rhythm-tuplets-vector,missing-rest,rhythm,4,1,1,rest,,0,,0.5,,,,,other,unknown / late MusicXML,event-match
piano-rhythm-tuplets-vector,missing-rest,rhythm,4,1,1,rest,,2.5,,0.25,,,,,other,unknown / late MusicXML,event-match
piano-rhythm-tuplets-vector,extra-rest,rhythm,4,1,1,,rest,,0.75,,0.25,,,,other,unknown / late MusicXML,event-match
piano-rhythm-tuplets-vector,duration-mismatch,rhythm,5,1,1,C5,C5,0,0,3,2,0,0,1,duration-inference,duration_inference,event-match
piano-rhythm-tuplets-vector,voice-mismatch,measure-structure,5,1,1,C5,C5,0,0,3,2,0,0,1,duration-inference,voice_assignment,event-match
piano-rhythm-tuplets-vector,missing-tie,sustain,5,1,1,C5,C5,0,0,3,2,0,0,1,sustain-tie,sustain_association,event-match
piano-rhythm-tuplets-vector,missing-note,pitch,5,1,1,C5,,2,,1,,,,,missing-or-extra-extraction,symbol_detection,event-match
piano-rhythm-tuplets-vector,missing-rest,rhythm,5,1,1,rest,,3,,1,,,,,other,unknown / late MusicXML,event-match
piano-rhythm-tuplets-vector,extra-note,pitch,5,1,1,,C5,,1,,1,,,,missing-or-extra-extraction,symbol_detection,event-match
piano-rhythm-tuplets-vector,extra-rest,rhythm,5,1,1,,rest,,2.75,,0.5,,,,other,unknown / late MusicXML,event-match
piano-rhythm-tuplets-vector,onset-mismatch,rhythm,7,1,1,E4,E4,3,2.75,0.5,0.5,0,0.25,0,voice-onset-assignment,rhythm_packing,event-match
piano-rhythm-tuplets-vector,onset-mismatch,rhythm,7,1,1,G4,G4,3,2.75,0.5,0.5,0,0.25,0,voice-onset-assignment,rhythm_packing,event-match
piano-rhythm-tuplets-vector,onset-mismatch,rhythm,7,1,1,E4,E4,3.5,3.25,0.5,0.75,0,0.25,0.25,voice-onset-assignment,rhythm_packing,event-match
piano-rhythm-tuplets-vector,duration-mismatch,rhythm,7,1,1,E4,E4,3.5,3.25,0.5,0.75,0,0.25,0.25,duration-inference,duration_inference,event-match
piano-rhythm-tuplets-vector,onset-mismatch,rhythm,7,1,1,G4,G4,3.5,3.25,0.5,0.75,0,0.25,0.25,voice-onset-assignment,rhythm_packing,event-match
piano-rhythm-tuplets-vector,duration-mismatch,rhythm,7,1,1,G4,G4,3.5,3.25,0.5,0.75,0,0.25,0.25,duration-inference,duration_inference,event-match
piano-rhythm-tuplets-vector,missing-note,pitch,7,1,1,E4,,0,,0.5,,,,,missing-or-extra-extraction,symbol_detection,event-match
piano-rhythm-tuplets-vector,missing-note,pitch,7,1,1,G4,,0,,0.5,,,,,missing-or-extra-extraction,symbol_detection,event-match
piano-rhythm-tuplets-vector,extra-note,pitch,7,1,1,,E4,,1.5,,0.5,,,,missing-or-extra-extraction,symbol_detection,event-match
piano-rhythm-tuplets-vector,extra-note,pitch,7,1,1,,G4,,1.5,,0.5,,,,missing-or-extra-extraction,symbol_detection,event-match
piano-rhythm-tuplets-vector,incorrect-chord,measure-structure,7,1,1,,,,,,,,,,chord-grouping,chord_grouping,chord-integrity
piano-rhythm-tuplets-vector,incorrect-chord,measure-structure,7,,,,,,,,,,,,chord-grouping,chord_grouping,chord-integrity
piano-rhythm-tuplets-vector,onset-mismatch,rhythm,8,1,1,G4,G4,0.75,1,0.25,0.5,0,0.25,0.25,voice-onset-assignment,rhythm_packing,event-match
piano-rhythm-tuplets-vector,duration-mismatch,rhythm,8,1,1,G4,G4,0.75,1,0.25,0.5,0,0.25,0.25,duration-inference,duration_inference,event-match
piano-rhythm-tuplets-vector,onset-mismatch,rhythm,8,1,1,A4,A4,1,1.5,1,0.5,0,0.5,0.5,voice-onset-assignment,rhythm_packing,event-match
piano-rhythm-tuplets-vector,duration-mismatch,rhythm,8,1,1,A4,A4,1,1.5,1,0.5,0,0.5,0.5,duration-inference,duration_inference,event-match
piano-rhythm-tuplets-vector,onset-mismatch,rhythm,8,1,1,F4,F4,0,0.75,0.75,0.5,0,0.75,0.25,voice-onset-assignment,rhythm_packing,event-match
piano-rhythm-tuplets-vector,duration-mismatch,rhythm,8,1,1,F4,F4,0,0.75,0.75,0.5,0,0.75,0.25,duration-inference,duration_inference,event-match
piano-rhythm-tuplets-vector,missing-rest,rhythm,8,1,1,rest,,3,,1,,,,,other,unknown / late MusicXML,event-match
piano-rhythm-tuplets-vector,tempo-mismatch,interpretation,1,,,,,,,,,,,,other,unknown / late MusicXML,evaluator-compact
piano-rhythm-tuplets-vector,dotted-rhythm-error,rhythm,4,,,,,,,,,,,,duration-inference,duration_inference,evaluator-compact
piano-rhythm-tuplets-vector,dotted-rhythm-error,rhythm,5,,,,,,,,,,,,duration-inference,duration_inference,evaluator-compact
piano-rhythm-tuplets-vector,missing-dot,rhythm,8,,,,,,,,,,,,duration-inference,duration_inference,evaluator-compact
piano-articulation-scan,duration-mismatch,rhythm,1,2,2,G2,G2,0,0,2,1,0,0,1,duration-inference,duration_inference,event-match
piano-articulation-scan,duration-mismatch,rhythm,1,2,2,C3,C3,2,2,2,1,0,0,1,duration-inference,duration_inference,event-match
piano-articulation-scan,incorrect-pitch,pitch,1,1,1,F4,C5,3,3,1,1,7,0,0,staff-pitch-assignment,pitch_mapping,event-match
piano-articulation-scan,incorrect-pitch,pitch,1,2,2,F2,B2,2,2,2,1,6,0,1,staff-pitch-assignment,pitch_mapping,event-match
piano-articulation-scan,duration-mismatch,rhythm,1,2,2,F2,B2,2,2,2,1,6,0,1,duration-inference,duration_inference,event-match
piano-articulation-scan,missing-note,pitch,1,1,1,C4,,0,,1,,,,,missing-or-extra-extraction,symbol_detection,event-match
piano-articulation-scan,missing-note,pitch,1,1,1,E4,,2,,1,,,,,missing-or-extra-extraction,symbol_detection,event-match
piano-articulation-scan,missing-note,pitch,1,2,2,C2,,0,,2,,,,,missing-or-extra-extraction,symbol_detection,event-match
piano-articulation-scan,incorrect-chord,measure-structure,1,1,1,,,,,,,,,,chord-grouping,chord_grouping,chord-integrity
piano-articulation-scan,incorrect-chord,measure-structure,1,1,1,,,,,,,,,,chord-grouping,chord_grouping,chord-integrity
piano-articulation-scan,incorrect-chord,measure-structure,1,1,1,,,,,,,,,,chord-grouping,chord_grouping,chord-integrity
piano-articulation-scan,incorrect-chord,measure-structure,1,2,2,,,,,,,,,,chord-grouping,pitch_mapping,chord-integrity
piano-articulation-scan,onset-mismatch,rhythm,2,1,1,E4,E4,1,1.25,1,1,0,0.25,0,voice-onset-assignment,rhythm_packing,event-match
piano-articulation-scan,onset-mismatch,rhythm,2,1,1,A4,A4,2,1.25,1,1,0,0.75,0,voice-onset-assignment,rhythm_packing,event-match
piano-articulation-scan,duration-mismatch,rhythm,2,2,2,A2,A2,0,0,2,1,0,0,1,duration-inference,duration_inference,event-match
piano-articulation-scan,incorrect-pitch,pitch,2,1,1,D4,E4,0,0,1,1,2,0,0,accidental-or-staff-position,pitch_mapping,event-match
piano-articulation-scan,incorrect-pitch,pitch,2,1,1,F#4,F4,2,2.75,1,1,-1,0.75,0,accidental-or-staff-position,pitch_mapping,event-match
piano-articulation-scan,onset-mismatch,rhythm,2,1,1,F#4,F4,2,2.75,1,1,-1,0.75,0,voice-onset-assignment,rhythm_packing,event-match
piano-articulation-scan,incorrect-pitch,pitch,2,1,1,G4,A4,3,2.75,1,1,2,0.25,0,accidental-or-staff-position,pitch_mapping,event-match
piano-articulation-scan,onset-mismatch,rhythm,2,1,1,G4,A4,3,2.75,1,1,2,0.25,0,voice-onset-assignment,rhythm_packing,event-match
piano-articulation-scan,onset-mismatch,rhythm,2,2,2,D3,D3,2,2.75,2,1,0,0.75,1,voice-onset-assignment,rhythm_packing,event-match
piano-articulation-scan,duration-mismatch,rhythm,2,2,2,D3,D3,2,2.75,2,1,0,0.75,1,duration-inference,duration_inference,event-match
piano-articulation-scan,incorrect-pitch,pitch,2,1,1,F#4,A4,0,0,1,1,3,0,0,staff-pitch-assignment,pitch_mapping,event-match
piano-articulation-scan,incorrect-pitch,pitch,2,2,2,G2,A2,2,2.75,2,1,2,0.75,1,accidental-or-staff-position,pitch_mapping,event-match
piano-articulation-scan,onset-mismatch,rhythm,2,2,2,G2,A2,2,2.75,2,1,2,0.75,1,voice-onset-assignment,rhythm_packing,event-match
piano-articulation-scan,duration-mismatch,rhythm,2,2,2,G2,A2,2,2.75,2,1,2,0.75,1,duration-inference,duration_inference,event-match
piano-articulation-scan,incorrect-pitch,pitch,2,2,2,D2,A2,0,0,2,1,7,0,1,staff-pitch-assignment,pitch_mapping,event-match
piano-articulation-scan,duration-mismatch,rhythm,2,2,2,D2,A2,0,0,2,1,7,0,1,duration-inference,duration_inference,event-match
piano-articulation-scan,extra-note,pitch,2,1,1,,A4,,2.75,,1,,,,missing-or-extra-extraction,symbol_detection,event-match
piano-articulation-scan,extra-note,pitch,2,1,1,,B4,,2.75,,1,,,,missing-or-extra-extraction,symbol_detection,event-match
piano-articulation-scan,extra-note,pitch,2,2,2,,C3,,0,,1,,,,missing-or-extra-extraction,symbol_detection,event-match
piano-articulation-scan,extra-note,pitch,2,2,2,,A2,,2.75,,1,,,,missing-or-extra-extraction,symbol_detection,event-match
piano-articulation-scan,extra-note,pitch,2,2,2,,C3,,2.75,,1,,,,missing-or-extra-extraction,symbol_detection,event-match
piano-articulation-scan,extra-note,pitch,2,2,2,,E3,,2.75,,1,,,,missing-or-extra-extraction,symbol_detection,event-match
piano-articulation-scan,incorrect-chord,measure-structure,2,1,1,,,,,,,,,,chord-grouping,pitch_mapping,chord-integrity
piano-articulation-scan,incorrect-chord,measure-structure,2,1,1,,,,,,,,,,chord-grouping,pitch_mapping,chord-integrity
piano-articulation-scan,incorrect-chord,measure-structure,2,1,1,,,,,,,,,,chord-grouping,chord_grouping,chord-integrity
piano-articulation-scan,incorrect-chord,measure-structure,2,1,1,,,,,,,,,,chord-grouping,pitch_mapping,chord-integrity
piano-articulation-scan,incorrect-chord,measure-structure,2,1,1,,,,,,,,,,chord-grouping,chord_grouping,chord-integrity
piano-articulation-scan,incorrect-chord,measure-structure,2,1,1,,,,,,,,,,chord-grouping,chord_grouping,chord-integrity
piano-articulation-scan,incorrect-pitch,pitch,3,1,1,G#4,A4,0,0,1,1,1,0,0,accidental-or-staff-position,pitch_mapping,event-match
piano-articulation-scan,incorrect-pitch,pitch,3,1,1,F#4,F4,1,1,1,1,-1,0,0,accidental-or-staff-position,pitch_mapping,event-match
piano-articulation-scan,incorrect-pitch,pitch,3,1,1,G#4,A4,2,2,1,1,1,0,0,accidental-or-staff-position,pitch_mapping,event-match
piano-articulation-scan,incorrect-pitch,pitch,3,1,1,B4,A4,2,2,1,1,-2,0,0,accidental-or-staff-position,pitch_mapping,event-match
piano-articulation-scan,incorrect-pitch,pitch,3,1,1,A4,B4,3,3,1,1,2,0,0,accidental-or-staff-position,pitch_mapping,event-match
piano-articulation-scan,missing-tie,sustain,3,1,1,A4,B4,3,3,1,1,2,0,0,sustain-tie,sustain_association,event-match
piano-articulation-scan,incorrect-pitch,pitch,3,1,1,B4,F4,0,0,1,1,-6,0,0,staff-pitch-assignment,pitch_mapping,event-match
piano-articulation-scan,missing-note,pitch,3,2,2,E2,,0,,2,,,,,missing-or-extra-extraction,symbol_detection,event-match
piano-articulation-scan,missing-note,pitch,3,2,2,B2,,0,,2,,,,,missing-or-extra-extraction,symbol_detection,event-match
piano-articulation-scan,missing-note,pitch,3,2,2,A2,,2,,2,,,,,missing-or-extra-extraction,symbol_detection,event-match
piano-articulation-scan,missing-note,pitch,3,2,2,E3,,2,,2,,,,,missing-or-extra-extraction,symbol_detection,event-match
piano-articulation-scan,extra-note,pitch,3,1,1,,F4,,2,,1,,,,missing-or-extra-extraction,symbol_detection,event-match
piano-articulation-scan,extra-note,pitch,3,1,1,,F4,,2,,1,,,,missing-or-extra-extraction,symbol_detection,event-match
piano-articulation-scan,extra-note,pitch,3,1,1,,C5,,3,,1,,,,missing-or-extra-extraction,symbol_detection,event-match
piano-articulation-scan,extra-note,pitch,3,1,1,,C5,,3,,1,,,,missing-or-extra-extraction,symbol_detection,event-match
piano-articulation-scan,extra-note,pitch,3,2,2,,A2,,3,,1,,,,missing-or-extra-extraction,symbol_detection,event-match
piano-articulation-scan,extra-note,pitch,3,2,2,,D3,,3,,1,,,,missing-or-extra-extraction,symbol_detection,event-match
piano-articulation-scan,incorrect-chord,measure-structure,3,1,1,,,,,,,,,,chord-grouping,pitch_mapping,chord-integrity
piano-articulation-scan,incorrect-chord,measure-structure,3,1,1,,,,,,,,,,chord-grouping,chord_grouping,chord-integrity
piano-articulation-scan,incorrect-chord,measure-structure,3,1,1,,,,,,,,,,chord-grouping,chord_grouping,chord-integrity
piano-articulation-scan,incorrect-chord,measure-structure,3,,,,,,,,,,,,chord-grouping,chord_grouping,chord-integrity
piano-articulation-scan,incorrect-chord,measure-structure,3,,,,,,,,,,,,chord-grouping,chord_grouping,chord-integrity
piano-articulation-scan,incorrect-chord,measure-structure,3,1,1,,,,,,,,,,chord-grouping,chord_grouping,chord-integrity
piano-articulation-scan,onset-mismatch,rhythm,4,1,1,C5,C5,2,2.5,1,1,0,0.5,0,voice-onset-assignment,rhythm_packing,event-match
piano-articulation-scan,duration-mismatch,rhythm,4,2,2,C3,C3,0,0,2,1,0,0,1,duration-inference,duration_inference,event-match
piano-articulation-scan,incorrect-pitch,pitch,4,1,1,A#4,C5,3,2.5,1,1,2,0.5,0,accidental-or-staff-position,pitch_mapping,event-match
piano-articulation-scan,onset-mismatch,rhythm,4,1,1,A#4,C5,3,2.5,1,1,2,0.5,0,voice-onset-assignment,rhythm_packing,event-match
piano-articulation-scan,incorrect-tie,sustain,4,1,1,A#4,C5,3,2.5,1,1,2,0.5,0,sustain-tie,sustain_association,event-match
piano-articulation-scan,incorrect-pitch,pitch,4,2,2,A#2,A2,2,1.5,2,1,-1,0.5,1,accidental-or-staff-position,pitch_mapping,event-match
piano-articulation-scan,onset-mismatch,rhythm,4,2,2,A#2,A2,2,1.5,2,1,-1,0.5,1,voice-onset-assignment,rhythm_packing,event-match
piano-articulation-scan,duration-mismatch,rhythm,4,2,2,A#2,A2,2,1.5,2,1,-1,0.5,1,duration-inference,duration_inference,event-match
piano-articulation-scan,incorrect-pitch,pitch,4,2,2,F2,C3,0,0,2,1,7,0,1,staff-pitch-assignment,pitch_mapping,event-match
piano-articulation-scan,duration-mismatch,rhythm,4,2,2,F2,C3,0,0,2,1,7,0,1,duration-inference,duration_inference,event-match
piano-articulation-scan,missing-note,pitch,4,1,1,G4,,1,,1,,,,,missing-or-extra-extraction,symbol_detection,event-match
piano-articulation-scan,missing-note,pitch,4,1,1,A4,,2,,1,,,,,missing-or-extra-extraction,symbol_detection,event-match
piano-articulation-scan,missing-note,pitch,4,2,2,F3,,2,,2,,,,,missing-or-extra-extraction,symbol_detection,event-match
piano-articulation-scan,extra-note,pitch,4,1,1,,C5,,0,,1,,,,missing-or-extra-extraction,symbol_detection,event-match
piano-articulation-scan,incorrect-chord,measure-structure,4,1,1,,,,,,,,,,chord-grouping,chord_grouping,chord-integrity
piano-articulation-scan,incorrect-chord,measure-structure,4,1,1,,,,,,,,,,chord-grouping,chord_grouping,chord-integrity
piano-articulation-scan,incorrect-chord,measure-structure,4,1,1,,,,,,,,,,chord-grouping,pitch_mapping,chord-integrity
piano-articulation-scan,incorrect-chord,measure-structure,4,2,2,,,,,,,,,,chord-grouping,chord_grouping,chord-integrity
piano-articulation-scan,incorrect-pitch,pitch,5,1,1,B4,C5,0,0,1,1,1,0,0,accidental-or-staff-position,pitch_mapping,event-match
piano-articulation-scan,incorrect-pitch,pitch,5,1,1,C5,B4,3,3,1,1,-1,0,0,accidental-or-staff-position,pitch_mapping,event-match
piano-articulation-scan,duration-mismatch,rhythm,5,2,2,G2,G2,0,0,2,1,0,0,1,duration-inference,duration_inference,event-match
piano-articulation-scan,duration-mismatch,rhythm,5,2,2,D3,D3,0,0,2,1,0,0,1,duration-inference,duration_inference,event-match
piano-articulation-scan,duration-mismatch,rhythm,5,2,2,C3,C3,2,2,2,1,0,0,1,duration-inference,duration_inference,event-match
piano-articulation-scan,incorrect-pitch,pitch,5,1,1,D5,C5,0,0,1,1,-2,0,0,accidental-or-staff-position,pitch_mapping,event-match
piano-articulation-scan,incorrect-pitch,pitch,5,1,1,D5,C5,2,2,1,1,-2,0,0,accidental-or-staff-position,pitch_mapping,event-match
piano-articulation-scan,incorrect-tie,sustain,5,1,1,D5,C5,2,2,1,1,-2,0,0,sustain-tie,sustain_association,event-match
piano-articulation-scan,incorrect-pitch,pitch,5,2,2,G3,C3,2,2,2,1,-7,0,1,staff-pitch-assignment,pitch_mapping,event-match
piano-articulation-scan,duration-mismatch,rhythm,5,2,2,G3,C3,2,2,2,1,-7,0,1,duration-inference,duration_inference,event-match
piano-articulation-scan,missing-note,pitch,5,1,1,G4,,0,,1,,,,,missing-or-extra-extraction,symbol_detection,event-match
piano-articulation-scan,extra-note,pitch,5,1,1,,B4,,2,,1,,,,missing-or-extra-extraction,symbol_detection,event-match
piano-articulation-scan,extra-note,pitch,5,1,1,,B4,,2,,1,,,,missing-or-extra-extraction,symbol_detection,event-match
piano-articulation-scan,extra-note,pitch,5,1,1,,C5,,2,,1,,,,missing-or-extra-extraction,symbol_detection,event-match
piano-articulation-scan,extra-note,pitch,5,2,2,,C3,,0,,1,,,,missing-or-extra-extraction,symbol_detection,event-match
piano-articulation-scan,extra-note,pitch,5,2,2,,D3,,0,,1,,,,missing-or-extra-extraction,symbol_detection,event-match
piano-articulation-scan,incorrect-chord,measure-structure,5,2,2,,,,,,,,,,chord-grouping,chord_grouping,chord-integrity
piano-articulation-scan,incorrect-chord,measure-structure,5,1,1,,,,,,,,,,chord-grouping,chord_grouping,chord-integrity
piano-articulation-scan,incorrect-chord,measure-structure,5,1,1,,,,,,,,,,chord-grouping,chord_grouping,chord-integrity
piano-articulation-scan,incorrect-chord,measure-structure,5,2,2,,,,,,,,,,chord-grouping,pitch_mapping,chord-integrity
piano-articulation-scan,incorrect-pitch,pitch,6,1,1,C#5,C5,0,0,1,1,-1,0,0,accidental-or-staff-position,pitch_mapping,event-match
piano-articulation-scan,incorrect-pitch,pitch,6,1,1,C#5,C5,2,2,1,1,-1,0,0,accidental-or-staff-position,pitch_mapping,event-match
piano-articulation-scan,incorrect-pitch,pitch,6,1,1,D5,B4,3,3,1,1,-3,0,0,staff-pitch-assignment,pitch_mapping,event-match
piano-articulation-scan,incorrect-pitch,pitch,6,2,2,A2,G2,0,0,2,1,-2,0,1,accidental-or-staff-position,pitch_mapping,event-match
piano-articulation-scan,duration-mismatch,rhythm,6,2,2,A2,G2,0,0,2,1,-2,0,1,duration-inference,duration_inference,event-match
piano-articulation-scan,incorrect-pitch,pitch,6,2,2,E3,D3,0,0,2,1,-2,0,1,accidental-or-staff-position,pitch_mapping,event-match
piano-articulation-scan,duration-mismatch,rhythm,6,2,2,E3,D3,0,0,2,1,-2,0,1,duration-inference,duration_inference,event-match
piano-articulation-scan,incorrect-pitch,pitch,6,2,2,D3,C3,2,2,2,1,-2,0,1,accidental-or-staff-position,pitch_mapping,event-match
piano-articulation-scan,duration-mismatch,rhythm,6,2,2,D3,C3,2,2,2,1,-2,0,1,duration-inference,duration_inference,event-match
piano-articulation-scan,incorrect-pitch,pitch,6,1,1,E5,C5,0,0,1,1,-4,0,0,staff-pitch-assignment,pitch_mapping,event-match
piano-articulation-scan,incorrect-pitch,pitch,6,1,1,E5,C5,2,2,1,1,-4,0,0,staff-pitch-assignment,pitch_mapping,event-match
piano-articulation-scan,incorrect-tie,sustain,6,1,1,E5,C5,2,2,1,1,-4,0,0,sustain-tie,sustain_association,event-match
piano-articulation-scan,incorrect-pitch,pitch,6,2,2,A3,E3,2,2,2,1,-5,0,1,staff-pitch-assignment,pitch_mapping,event-match
piano-articulation-scan,duration-mismatch,rhythm,6,2,2,A3,E3,2,2,2,1,-5,0,1,duration-inference,duration_inference,event-match
piano-articulation-scan,extra-note,pitch,6,1,1,,B4,,0,,1,,,,missing-or-extra-extraction,symbol_detection,event-match
piano-articulation-scan,extra-note,pitch,6,1,1,,B4,,0,,1,,,,missing-or-extra-extraction,symbol_detection,event-match
piano-articulation-scan,extra-note,pitch,6,1,1,,A4,,1,,1,,,,missing-or-extra-extraction,symbol_detection,event-match
piano-articulation-scan,extra-note,pitch,6,1,1,,A4,,1,,1,,,,missing-or-extra-extraction,symbol_detection,event-match
piano-articulation-scan,extra-note,pitch,6,1,1,,B4,,1,,1,,,,missing-or-extra-extraction,symbol_detection,event-match
piano-articulation-scan,extra-note,pitch,6,1,1,,C5,,1,,1,,,,missing-or-extra-extraction,symbol_detection,event-match
piano-articulation-scan,extra-note,pitch,6,1,1,,B4,,2,,1,,,,missing-or-extra-extraction,symbol_detection,event-match
piano-articulation-scan,extra-note,pitch,6,1,1,,B4,,2,,1,,,,missing-or-extra-extraction,symbol_detection,event-match
piano-articulation-scan,extra-note,pitch,6,2,2,,C3,,0,,1,,,,missing-or-extra-extraction,symbol_detection,event-match
piano-articulation-scan,extra-note,pitch,6,2,2,,D3,,0,,1,,,,missing-or-extra-extraction,symbol_detection,event-match
piano-articulation-scan,incorrect-chord,measure-structure,6,1,1,,,,,,,,,,chord-grouping,chord_grouping,chord-integrity
piano-articulation-scan,incorrect-chord,measure-structure,6,1,1,,,,,,,,,,chord-grouping,chord_grouping,chord-integrity
piano-articulation-scan,incorrect-chord,measure-structure,6,1,1,,,,,,,,,,chord-grouping,chord_grouping,chord-integrity
piano-articulation-scan,incorrect-chord,measure-structure,6,1,1,,,,,,,,,,chord-grouping,chord_grouping,chord-integrity
piano-articulation-scan,incorrect-chord,measure-structure,6,1,1,,,,,,,,,,chord-grouping,pitch_mapping,chord-integrity
piano-articulation-scan,onset-mismatch,rhythm,7,1,1,A4,A4,1,1.25,1,1,0,0.25,0,voice-onset-assignment,rhythm_packing,event-match
piano-articulation-scan,onset-mismatch,rhythm,7,1,1,C5,C5,3,2.75,1,1,0,0.25,0,voice-onset-assignment,rhythm_packing,event-match
piano-articulation-scan,incorrect-tie,sustain,7,1,1,C5,C5,3,2.75,1,1,0,0.25,0,sustain-tie,sustain_association,event-match
piano-articulation-scan,onset-mismatch,rhythm,7,1,1,B4,B4,2,1.25,1,1,0,0.75,0,voice-onset-assignment,rhythm_packing,event-match
piano-articulation-scan,duration-mismatch,rhythm,7,2,2,G2,G2,0,0,2,1,0,0,1,duration-inference,duration_inference,event-match
piano-articulation-scan,onset-mismatch,rhythm,7,2,2,C3,C3,2,2.75,2,1,0,0.75,1,voice-onset-assignment,rhythm_packing,event-match
piano-articulation-scan,duration-mismatch,rhythm,7,2,2,C3,C3,2,2.75,2,1,0,0.75,1,duration-inference,duration_inference,event-match
piano-articulation-scan,incorrect-pitch,pitch,7,1,1,D5,B4,0,0,1,1,-3,0,0,staff-pitch-assignment,pitch_mapping,event-match
piano-articulation-scan,incorrect-pitch,pitch,7,2,2,D3,C3,0,0,2,1,-2,0,1,accidental-or-staff-position,pitch_mapping,event-match
piano-articulation-scan,duration-mismatch,rhythm,7,2,2,D3,C3,0,0,2,1,-2,0,1,duration-inference,duration_inference,event-match
piano-articulation-scan,incorrect-pitch,pitch,7,1,1,D5,B4,2,2.75,1,1,-3,0.75,0,staff-pitch-assignment,pitch_mapping,event-match
piano-articulation-scan,onset-mismatch,rhythm,7,1,1,D5,B4,2,2.75,1,1,-3,0.75,0,voice-onset-assignment,rhythm_packing,event-match
piano-articulation-scan,incorrect-pitch,pitch,7,2,2,G3,F3,2,2.75,2,1,-2,0.75,1,accidental-or-staff-position,pitch_mapping,event-match
piano-articulation-scan,onset-mismatch,rhythm,7,2,2,G3,F3,2,2.75,2,1,-2,0.75,1,voice-onset-assignment,rhythm_packing,event-match
piano-articulation-scan,duration-mismatch,rhythm,7,2,2,G3,F3,2,2.75,2,1,-2,0.75,1,duration-inference,duration_inference,event-match
piano-articulation-scan,extra-note,pitch,7,1,1,,G4,,0,,1,,,,missing-or-extra-extraction,symbol_detection,event-match
piano-articulation-scan,extra-note,pitch,7,1,1,,A4,,0,,1,,,,missing-or-extra-extraction,symbol_detection,event-match
piano-articulation-scan,extra-note,pitch,7,1,1,,B4,,0,,1,,,,missing-or-extra-extraction,symbol_detection,event-match
piano-articulation-scan,extra-note,pitch,7,1,1,,G4,,1.25,,1,,,,missing-or-extra-extraction,symbol_detection,event-match
piano-articulation-scan,extra-note,pitch,7,1,1,,B4,,2.75,,1,,,,missing-or-extra-extraction,symbol_detection,event-match
piano-articulation-scan,extra-note,pitch,7,2,2,,A2,,0,,1,,,,missing-or-extra-extraction,symbol_detection,event-match
piano-articulation-scan,extra-note,pitch,7,2,2,,A2,,0,,1,,,,missing-or-extra-extraction,symbol_detection,event-match
piano-articulation-scan,incorrect-chord,measure-structure,7,1,1,,,,,,,,,,chord-grouping,chord_grouping,chord-integrity
piano-articulation-scan,incorrect-chord,measure-structure,7,1,1,,,,,,,,,,chord-grouping,pitch_mapping,chord-integrity
piano-articulation-scan,incorrect-chord,measure-structure,7,1,1,,,,,,,,,,chord-grouping,chord_grouping,chord-integrity
piano-articulation-scan,incorrect-chord,measure-structure,7,1,1,,,,,,,,,,chord-grouping,pitch_mapping,chord-integrity
piano-articulation-scan,incorrect-pitch,pitch,8,1,1,E4,F4,0,0,1,1,1,0,0,accidental-or-staff-position,pitch_mapping,event-match
piano-articulation-scan,incorrect-pitch,pitch,8,1,1,G#4,A4,0,0,1,1,1,0,0,accidental-or-staff-position,pitch_mapping,event-match
piano-articulation-scan,onset-mismatch,rhythm,8,1,1,B4,B4,2,2.75,1,1,0,0.75,0,voice-onset-assignment,rhythm_packing,event-match
piano-articulation-scan,incorrect-pitch,pitch,8,1,1,F#4,F4,1,1.25,1,1,-1,0.25,0,accidental-or-staff-position,pitch_mapping,event-match
piano-articulation-scan,onset-mismatch,rhythm,8,1,1,F#4,F4,1,1.25,1,1,-1,0.25,0,voice-onset-assignment,rhythm_packing,event-match
piano-articulation-scan,incorrect-pitch,pitch,8,1,1,A4,B4,3,2.75,1,1,2,0.25,0,accidental-or-staff-position,pitch_mapping,event-match
piano-articulation-scan,onset-mismatch,rhythm,8,1,1,A4,B4,3,2.75,1,1,2,0.25,0,voice-onset-assignment,rhythm_packing,event-match
piano-articulation-scan,onset-mismatch,rhythm,8,2,2,A2,A2,2,2.75,2,1,0,0.75,1,voice-onset-assignment,rhythm_packing,event-match
piano-articulation-scan,duration-mismatch,rhythm,8,2,2,A2,A2,2,2.75,2,1,0,0.75,1,duration-inference,duration_inference,event-match
piano-articulation-scan,onset-mismatch,rhythm,8,2,2,E3,E3,2,2.75,2,1,0,0.75,1,voice-onset-assignment,rhythm_packing,event-match
piano-articulation-scan,duration-mismatch,rhythm,8,2,2,E3,E3,2,2.75,2,1,0,0.75,1,duration-inference,duration_inference,event-match
piano-articulation-scan,incorrect-pitch,pitch,8,1,1,G#4,F4,2,1.25,1,1,-3,0.75,0,staff-pitch-assignment,pitch_mapping,event-match
piano-articulation-scan,onset-mismatch,rhythm,8,1,1,G#4,F4,2,1.25,1,1,-3,0.75,0,voice-onset-assignment,rhythm_packing,event-match
piano-articulation-scan,missing-note,pitch,8,1,1,B4,,0,,1,,,,,missing-or-extra-extraction,symbol_detection,event-match
piano-articulation-scan,missing-note,pitch,8,2,2,E2,,0,,2,,,,,missing-or-extra-extraction,symbol_detection,event-match
piano-articulation-scan,missing-note,pitch,8,2,2,B2,,0,,2,,,,,missing-or-extra-extraction,symbol_detection,event-match
piano-articulation-scan,extra-note,pitch,8,2,2,,B2,,2.75,,1,,,,missing-or-extra-extraction,symbol_detection,event-match
piano-articulation-scan,extra-note,pitch,8,2,2,,C3,,2.75,,1,,,,missing-or-extra-extraction,symbol_detection,event-match
piano-articulation-scan,extra-note,pitch,8,2,2,,E3,,2.75,,1,,,,missing-or-extra-extraction,symbol_detection,event-match
piano-articulation-scan,extra-note,pitch,8,2,2,,E3,,2.75,,1,,,,missing-or-extra-extraction,symbol_detection,event-match
piano-articulation-scan,incorrect-chord,measure-structure,8,1,1,,,,,,,,,,chord-grouping,chord_grouping,chord-integrity
piano-articulation-scan,incorrect-chord,measure-structure,8,1,1,,,,,,,,,,chord-grouping,pitch_mapping,chord-integrity
piano-articulation-scan,incorrect-chord,measure-structure,8,,,,,,,,,,,,chord-grouping,chord_grouping,chord-integrity
piano-articulation-scan,incorrect-chord,measure-structure,8,2,2,,,,,,,,,,chord-grouping,chord_grouping,chord-integrity
piano-articulation-scan,missing-staccato,articulation,1,,,,,,,,,,,,articulation,articulation glyph association,evaluator-compact
piano-articulation-scan,tempo-mismatch,interpretation,1,,,,,,,,,,,,other,unknown / late MusicXML,evaluator-compact
piano-articulation-scan,missing-accent,articulation,2,,,,,,,,,,,,articulation,articulation glyph association,evaluator-compact
piano-articulation-scan,missing-staccato,articulation,2,,,,,,,,,,,,articulation,articulation glyph association,evaluator-compact
piano-articulation-scan,missing-staccato,articulation,3,,,,,,,,,,,,articulation,articulation glyph association,evaluator-compact
piano-articulation-scan,missing-staccato,articulation,4,,,,,,,,,,,,articulation,articulation glyph association,evaluator-compact
piano-articulation-scan,missing-accent,articulation,4,,,,,,,,,,,,articulation,articulation glyph association,evaluator-compact
piano-articulation-scan,missing-staccato,articulation,5,,,,,,,,,,,,articulation,articulation glyph association,evaluator-compact
piano-articulation-scan,missing-staccato,articulation,6,,,,,,,,,,,,articulation,articulation glyph association,evaluator-compact
piano-articulation-scan,missing-accent,articulation,6,,,,,,,,,,,,articulation,articulation glyph association,evaluator-compact
piano-articulation-scan,missing-staccato,articulation,7,,,,,,,,,,,,articulation,articulation glyph association,evaluator-compact
piano-articulation-scan,volta-mismatch,interpretation,7,,,,,,,,,,,,other,unknown / late MusicXML,evaluator-compact
piano-articulation-scan,missing-staccato,articulation,8,,,,,,,,,,,,articulation,articulation glyph association,evaluator-compact
piano-articulation-scan,missing-accent,articulation,8,,,,,,,,,,,,articulation,articulation glyph association,evaluator-compact
piano-articulation-scan,volta-mismatch,interpretation,8,,,,,,,,,,,,other,unknown / late MusicXML,evaluator-compact
piano-dense-advanced-vector,split-measure,measure-structure,1,,,,,,,,,,,,measure-structure,measure segmentation,measure-alignment
piano-dense-advanced-vector,incorrect-pitch,pitch,2,1,1,A4,A#4,0,0,0.5,0.5,1,0,0,accidental-or-staff-position,accidental_state,event-match
piano-dense-advanced-vector,incorrect-pitch,pitch,2,1,1,E4,F4,0.5,0.5,0.5,0.5,1,0,0,accidental-or-staff-position,accidental_state,event-match
piano-dense-advanced-vector,incorrect-pitch,pitch,2,1,1,B4,C5,0.5,0.5,0.5,0.5,1,0,0,accidental-or-staff-position,accidental_state,event-match
piano-dense-advanced-vector,incorrect-pitch,pitch,2,1,1,G4,G#4,1.5,1.5,0.5,0.5,1,0,0,accidental-or-staff-position,accidental_state,event-match
piano-dense-advanced-vector,incorrect-pitch,pitch,2,1,1,B4,C5,1.5,1.5,0.5,0.5,1,0,0,accidental-or-staff-position,accidental_state,event-match
piano-dense-advanced-vector,incorrect-pitch,pitch,2,1,1,D5,D#5,1.5,1.5,0.5,0.5,1,0,0,accidental-or-staff-position,accidental_state,event-match
piano-dense-advanced-vector,incorrect-pitch,pitch,2,1,1,A4,A#4,2,2,0.5,0.5,1,0,0,accidental-or-staff-position,accidental_state,event-match
piano-dense-advanced-vector,incorrect-pitch,pitch,2,1,1,G4,G#4,2.5,2.5,0.5,0.5,1,0,0,accidental-or-staff-position,accidental_state,event-match
piano-dense-advanced-vector,incorrect-pitch,pitch,2,1,1,B4,C5,2.5,2.5,0.5,0.5,1,0,0,accidental-or-staff-position,accidental_state,event-match
piano-dense-advanced-vector,incorrect-pitch,pitch,2,1,1,D5,D#5,2.5,2.5,0.5,0.5,1,0,0,accidental-or-staff-position,accidental_state,event-match
piano-dense-advanced-vector,incorrect-pitch,pitch,2,1,1,E4,F4,3.5,3.5,0.5,0.5,1,0,0,accidental-or-staff-position,accidental_state,event-match
piano-dense-advanced-vector,incorrect-pitch,pitch,2,1,1,B4,C5,3.5,3.5,0.5,0.5,1,0,0,accidental-or-staff-position,accidental_state,event-match
piano-dense-advanced-vector,incorrect-chord,measure-structure,2,1,1,,,,,,,,,,chord-grouping,pitch_mapping,chord-integrity
piano-dense-advanced-vector,incorrect-chord,measure-structure,2,1,1,,,,,,,,,,chord-grouping,pitch_mapping,chord-integrity
piano-dense-advanced-vector,incorrect-chord,measure-structure,2,1,1,,,,,,,,,,chord-grouping,pitch_mapping,chord-integrity
piano-dense-advanced-vector,incorrect-chord,measure-structure,2,1,1,,,,,,,,,,chord-grouping,pitch_mapping,chord-integrity
piano-dense-advanced-vector,incorrect-chord,measure-structure,2,1,1,,,,,,,,,,chord-grouping,pitch_mapping,chord-integrity
piano-dense-advanced-vector,incorrect-chord,measure-structure,2,1,1,,,,,,,,,,chord-grouping,pitch_mapping,chord-integrity
piano-dense-advanced-vector,incorrect-pitch,pitch,3,1,1,E4,F4,0,0,0.5,0.5,1,0,0,accidental-or-staff-position,accidental_state,event-match
piano-dense-advanced-vector,incorrect-pitch,pitch,3,1,1,B4,C5,0,0,0.5,0.5,1,0,0,accidental-or-staff-position,accidental_state,event-match
piano-dense-advanced-vector,incorrect-pitch,pitch,3,1,1,F#4,F4,0.5,0.5,0.5,0.5,-1,0,0,accidental-or-staff-position,pitch_mapping,event-match
piano-dense-advanced-vector,incorrect-pitch,pitch,3,1,1,A4,A#4,1.5,1.5,0.5,0.5,1,0,0,accidental-or-staff-position,accidental_state,event-match
piano-dense-advanced-vector,incorrect-pitch,pitch,3,1,1,E5,F5,1.5,1.5,0.5,0.5,1,0,0,accidental-or-staff-position,accidental_state,event-match
piano-dense-advanced-vector,incorrect-pitch,pitch,3,1,1,B4,C5,2,2,0.5,0.5,1,0,0,accidental-or-staff-position,accidental_state,event-match
piano-dense-advanced-vector,incorrect-pitch,pitch,3,1,1,F#5,F5,2,2,0.5,0.5,-1,0,0,accidental-or-staff-position,pitch_mapping,event-match
piano-dense-advanced-vector,incorrect-pitch,pitch,3,1,1,A4,A#4,2.5,2.5,0.5,0.5,1,0,0,accidental-or-staff-position,accidental_state,event-match
piano-dense-advanced-vector,incorrect-pitch,pitch,3,1,1,E5,F5,2.5,2.5,0.5,0.5,1,0,0,accidental-or-staff-position,accidental_state,event-match
piano-dense-advanced-vector,incorrect-pitch,pitch,3,1,1,C5,C#5,3,3,0.5,0.5,1,0,0,accidental-or-staff-position,accidental_state,event-match
piano-dense-advanced-vector,incorrect-pitch,pitch,3,1,1,F#4,F4,3.5,3.5,0.5,0.5,-1,0,0,accidental-or-staff-position,pitch_mapping,event-match
piano-dense-advanced-vector,incorrect-pitch,pitch,3,1,1,C5,D5,1,1,0.5,0.5,2,0,0,accidental-or-staff-position,pitch_mapping,event-match
piano-dense-advanced-vector,incorrect-chord,measure-structure,3,1,1,,,,,,,,,,chord-grouping,pitch_mapping,chord-integrity
piano-dense-advanced-vector,incorrect-chord,measure-structure,3,1,1,,,,,,,,,,chord-grouping,pitch_mapping,chord-integrity
piano-dense-advanced-vector,incorrect-chord,measure-structure,3,1,1,,,,,,,,,,chord-grouping,pitch_mapping,chord-integrity
piano-dense-advanced-vector,incorrect-chord,measure-structure,3,1,1,,,,,,,,,,chord-grouping,pitch_mapping,chord-integrity
piano-dense-advanced-vector,incorrect-chord,measure-structure,3,1,1,,,,,,,,,,chord-grouping,pitch_mapping,chord-integrity
piano-dense-advanced-vector,incorrect-chord,measure-structure,3,1,1,,,,,,,,,,chord-grouping,pitch_mapping,chord-integrity
piano-dense-advanced-vector,incorrect-chord,measure-structure,3,1,1,,,,,,,,,,chord-grouping,pitch_mapping,chord-integrity
piano-dense-advanced-vector,incorrect-chord,measure-structure,3,1,1,,,,,,,,,,chord-grouping,pitch_mapping,chord-integrity
piano-dense-advanced-vector,incorrect-pitch,pitch,4,1,1,D5,D#5,0.5,0.5,0.5,0.5,1,0,0,accidental-or-staff-position,accidental_state,event-match
piano-dense-advanced-vector,incorrect-pitch,pitch,4,1,1,A4,A#4,1,1,0.5,0.5,1,0,0,accidental-or-staff-position,accidental_state,event-match
piano-dense-advanced-vector,incorrect-pitch,pitch,4,1,1,C#5,C5,1,1,0.5,0.5,-1,0,0,accidental-or-staff-position,pitch_mapping,event-match
piano-dense-advanced-vector,incorrect-pitch,pitch,4,1,1,D5,D#5,1.5,1.5,0.5,0.5,1,0,0,accidental-or-staff-position,accidental_state,event-match
piano-dense-advanced-vector,incorrect-pitch,pitch,4,1,1,C5,C#5,2,2,0.5,0.5,1,0,0,accidental-or-staff-position,accidental_state,event-match
piano-dense-advanced-vector,incorrect-pitch,pitch,4,1,1,D5,D#5,2.5,2.5,0.5,0.5,1,0,0,accidental-or-staff-position,accidental_state,event-match
piano-dense-advanced-vector,incorrect-pitch,pitch,4,1,1,A4,A#4,3,3,0.5,0.5,1,0,0,accidental-or-staff-position,accidental_state,event-match
piano-dense-advanced-vector,incorrect-pitch,pitch,4,1,1,D5,D#5,3.5,3.5,0.5,0.5,1,0,0,accidental-or-staff-position,accidental_state,event-match
piano-dense-advanced-vector,incorrect-pitch,pitch,4,1,1,G5,F5,2,2,0.5,0.5,-2,0,0,accidental-or-staff-position,pitch_mapping,event-match
piano-dense-advanced-vector,incorrect-chord,measure-structure,4,1,1,,,,,,,,,,chord-grouping,pitch_mapping,chord-integrity
piano-dense-advanced-vector,incorrect-chord,measure-structure,4,1,1,,,,,,,,,,chord-grouping,pitch_mapping,chord-integrity
piano-dense-advanced-vector,incorrect-chord,measure-structure,4,1,1,,,,,,,,,,chord-grouping,pitch_mapping,chord-integrity
piano-dense-advanced-vector,incorrect-chord,measure-structure,4,1,1,,,,,,,,,,chord-grouping,pitch_mapping,chord-integrity
piano-dense-advanced-vector,incorrect-chord,measure-structure,4,1,1,,,,,,,,,,chord-grouping,pitch_mapping,chord-integrity
piano-dense-advanced-vector,incorrect-chord,measure-structure,4,1,1,,,,,,,,,,chord-grouping,pitch_mapping,chord-integrity
piano-dense-advanced-vector,incorrect-chord,measure-structure,4,1,1,,,,,,,,,,chord-grouping,pitch_mapping,chord-integrity
piano-dense-advanced-vector,onset-mismatch,rhythm,5,1,1,D#5,D#5,1,0.5,0.5,0.5,0,0.5,0,voice-onset-assignment,rhythm_packing,event-match
piano-dense-advanced-vector,onset-mismatch,rhythm,5,1,1,F#5,F#5,1,1.5,0.5,0.5,0,0.5,0,voice-onset-assignment,rhythm_packing,event-match
piano-dense-advanced-vector,onset-mismatch,rhythm,5,1,1,G5,G5,1.5,2,0.5,0.5,0,0.5,0,voice-onset-assignment,rhythm_packing,event-match
piano-dense-advanced-vector,onset-mismatch,rhythm,5,1,1,F#5,F#5,2,2.5,0.5,0.5,0,0.5,0,voice-onset-assignment,rhythm_packing,event-match
piano-dense-advanced-vector,onset-mismatch,rhythm,5,1,1,D#5,D#5,3,2.5,0.5,0.5,0,0.5,0,voice-onset-assignment,rhythm_packing,event-match
piano-dense-advanced-vector,incorrect-pitch,pitch,5,1,1,C#5,C5,0.5,0.5,0.5,0.5,-1,0,0,accidental-or-staff-position,pitch_mapping,event-match
piano-dense-advanced-vector,incorrect-pitch,pitch,5,1,1,E5,D#5,1.5,1.5,0.5,0.5,-1,0,0,accidental-or-staff-position,pitch_mapping,event-match
piano-dense-advanced-vector,incorrect-pitch,pitch,5,1,1,D5,C#5,2,2,0.5,0.5,-1,0,0,accidental-or-staff-position,pitch_mapping,event-match
piano-dense-advanced-vector,incorrect-pitch,pitch,5,1,1,C5,C#5,2.5,2.5,0.5,0.5,1,0,0,accidental-or-staff-position,accidental_state,event-match
piano-dense-advanced-vector,incorrect-pitch,pitch,5,1,1,E5,D#5,3.5,3.5,0.5,0.5,-1,0,0,accidental-or-staff-position,pitch_mapping,event-match
piano-dense-advanced-vector,incorrect-pitch,pitch,5,1,1,E5,F5,0.5,1,0.5,0.5,1,0.5,0,accidental-or-staff-position,accidental_state,event-match
piano-dense-advanced-vector,onset-mismatch,rhythm,5,1,1,E5,F5,0.5,1,0.5,0.5,1,0.5,0,voice-onset-assignment,rhythm_packing,event-match
piano-dense-advanced-vector,incorrect-pitch,pitch,5,1,1,E5,F5,2.5,2,0.5,0.5,1,0.5,0,accidental-or-staff-position,accidental_state,event-match
piano-dense-advanced-vector,onset-mismatch,rhythm,5,1,1,E5,F5,2.5,2,0.5,0.5,1,0.5,0,voice-onset-assignment,rhythm_packing,event-match
piano-dense-advanced-vector,incorrect-pitch,pitch,5,1,1,D5,C5,0,0,0.5,0.5,-2,0,0,accidental-or-staff-position,pitch_mapping,event-match
piano-dense-advanced-vector,incorrect-pitch,pitch,5,1,1,G5,C#5,2.5,3,0.5,0.5,-6,0.5,0,staff-pitch-assignment,pitch_mapping,event-match
piano-dense-advanced-vector,onset-mismatch,rhythm,5,1,1,G5,C#5,2.5,3,0.5,0.5,-6,0.5,0,voice-onset-assignment,rhythm_packing,event-match
piano-dense-advanced-vector,missing-note,pitch,5,1,1,A5,,2,,0.5,,,,,missing-or-extra-extraction,symbol_detection,event-match
piano-dense-advanced-vector,extra-note,pitch,5,1,1,,C5,,1,,0.5,,,,missing-or-extra-extraction,symbol_detection,event-match
piano-dense-advanced-vector,incorrect-chord,measure-structure,5,1,1,,,,,,,,,,chord-grouping,pitch_mapping,chord-integrity
piano-dense-advanced-vector,incorrect-chord,measure-structure,5,1,1,,,,,,,,,,chord-grouping,pitch_mapping,chord-integrity
piano-dense-advanced-vector,incorrect-chord,measure-structure,5,1,1,,,,,,,,,,chord-grouping,chord_grouping,chord-integrity
piano-dense-advanced-vector,incorrect-chord,measure-structure,5,1,1,,,,,,,,,,chord-grouping,pitch_mapping,chord-integrity
piano-dense-advanced-vector,incorrect-chord,measure-structure,5,1,1,,,,,,,,,,chord-grouping,pitch_mapping,chord-integrity
piano-dense-advanced-vector,incorrect-chord,measure-structure,5,1,1,,,,,,,,,,chord-grouping,chord_grouping,chord-integrity
piano-dense-advanced-vector,incorrect-chord,measure-structure,5,1,1,,,,,,,,,,chord-grouping,pitch_mapping,chord-integrity
piano-dense-advanced-vector,onset-mismatch,rhythm,6,1,1,D#5,D#5,0.5,0,0.5,0.5,0,0.5,0,voice-onset-assignment,rhythm_packing,event-match
piano-dense-advanced-vector,onset-mismatch,rhythm,6,1,1,F#5,F#5,0.5,1,0.5,0.5,0,0.5,0,voice-onset-assignment,rhythm_packing,event-match
piano-dense-advanced-vector,onset-mismatch,rhythm,6,1,1,G#5,G#5,1,1.5,0.5,0.5,0,0.5,0,voice-onset-assignment,rhythm_packing,event-match
piano-dense-advanced-vector,onset-mismatch,rhythm,6,1,1,F#5,F#5,1.5,2,0.5,0.5,0,0.5,0,voice-onset-assignment,rhythm_packing,event-match
piano-dense-advanced-vector,onset-mismatch,rhythm,6,1,1,A5,A5,1.5,2,0.5,0.5,0,0.5,0,voice-onset-assignment,rhythm_packing,event-match
piano-dense-advanced-vector,onset-mismatch,rhythm,6,1,1,G#5,G#5,2,2.5,0.5,0.5,0,0.5,0,voice-onset-assignment,rhythm_packing,event-match
piano-dense-advanced-vector,onset-mismatch,rhythm,6,1,1,F#5,F#5,2.5,3,0.5,0.5,0,0.5,0,voice-onset-assignment,rhythm_packing,event-match
piano-dense-advanced-vector,incorrect-pitch,pitch,6,1,1,A4,A#4,0,0,0.5,0.5,1,0,0,accidental-or-staff-position,accidental_state,event-match
piano-dense-advanced-vector,incorrect-pitch,pitch,6,1,1,D5,C#5,1.5,1.5,0.5,0.5,-1,0,0,accidental-or-staff-position,pitch_mapping,event-match
piano-dense-advanced-vector,incorrect-pitch,pitch,6,1,1,E5,D#5,2,2,0.5,0.5,-1,0,0,accidental-or-staff-position,pitch_mapping,event-match
piano-dense-advanced-vector,incorrect-pitch,pitch,6,1,1,D5,C#5,2.5,2.5,0.5,0.5,-1,0,0,accidental-or-staff-position,pitch_mapping,event-match
piano-dense-advanced-vector,incorrect-pitch,pitch,6,1,1,E5,F5,0,0.5,0.5,0.5,1,0.5,0,accidental-or-staff-position,accidental_state,event-match
piano-dense-advanced-vector,onset-mismatch,rhythm,6,1,1,E5,F5,0,0.5,0.5,0.5,1,0.5,0,voice-onset-assignment,rhythm_packing,event-match
piano-dense-advanced-vector,incorrect-pitch,pitch,6,1,1,D#5,C#5,3.5,3.5,0.5,0.5,-2,0,0,accidental-or-staff-position,pitch_mapping,event-match
piano-dense-advanced-vector,incorrect-pitch,pitch,6,2,2,A3,G3,0,0,1,1,-2,0,0,accidental-or-staff-position,pitch_mapping,event-match
piano-dense-advanced-vector,incorrect-pitch,pitch,6,1,1,G#5,F5,3,2.5,0.5,0.5,-3,0.5,0,staff-pitch-assignment,pitch_mapping,event-match
piano-dense-advanced-vector,onset-mismatch,rhythm,6,1,1,G#5,F5,3,2.5,0.5,0.5,-3,0.5,0,voice-onset-assignment,rhythm_packing,event-match
piano-dense-advanced-vector,incorrect-pitch,pitch,6,1,1,B5,F5,2,1.5,0.5,0.5,-6,0.5,0,staff-pitch-assignment,pitch_mapping,event-match
piano-dense-advanced-vector,onset-mismatch,rhythm,6,1,1,B5,F5,2,1.5,0.5,0.5,-6,0.5,0,voice-onset-assignment,rhythm_packing,event-match
piano-dense-advanced-vector,missing-note,pitch,6,1,1,A5,,2.5,,0.5,,,,,missing-or-extra-extraction,symbol_detection,event-match
piano-dense-advanced-vector,extra-note,pitch,6,1,1,,C#5,,0.5,,0.5,,,,missing-or-extra-extraction,symbol_detection,event-match
piano-dense-advanced-vector,incorrect-chord,measure-structure,6,1,1,,,,,,,,,,chord-grouping,pitch_mapping,chord-integrity
piano-dense-advanced-vector,incorrect-chord,measure-structure,6,1,1,,,,,,,,,,chord-grouping,chord_grouping,chord-integrity
piano-dense-advanced-vector,incorrect-chord,measure-structure,6,1,1,,,,,,,,,,chord-grouping,pitch_mapping,chord-integrity
piano-dense-advanced-vector,incorrect-chord,measure-structure,6,1,1,,,,,,,,,,chord-grouping,pitch_mapping,chord-integrity
piano-dense-advanced-vector,incorrect-chord,measure-structure,6,2,2,,,,,,,,,,chord-grouping,pitch_mapping,chord-integrity
piano-dense-advanced-vector,incorrect-chord,measure-structure,6,1,1,,,,,,,,,,chord-grouping,pitch_mapping,chord-integrity
piano-dense-advanced-vector,incorrect-chord,measure-structure,6,1,1,,,,,,,,,,chord-grouping,pitch_mapping,chord-integrity
piano-dense-advanced-vector,incorrect-chord,measure-structure,6,1,1,,,,,,,,,,chord-grouping,chord_grouping,chord-integrity
piano-dense-advanced-vector,onset-mismatch,rhythm,7,1,1,F#5,F#5,0,0.5,0.5,0.5,0,0.5,0,voice-onset-assignment,rhythm_packing,event-match
piano-dense-advanced-vector,onset-mismatch,rhythm,7,1,1,G#5,G#5,0.5,1,0.5,0.5,0,0.5,0,voice-onset-assignment,rhythm_packing,event-match
piano-dense-advanced-vector,onset-mismatch,rhythm,7,1,1,D#5,D#5,1,1.5,0.5,0.5,0,0.5,0,voice-onset-assignment,rhythm_packing,event-match
piano-dense-advanced-vector,onset-mismatch,rhythm,7,1,1,A#5,A#5,1,1.5,0.5,0.5,0,0.5,0,voice-onset-assignment,rhythm_packing,event-match
piano-dense-advanced-vector,onset-mismatch,rhythm,7,1,1,G#5,G#5,1.5,2,0.5,0.5,0,0.5,0,voice-onset-assignment,rhythm_packing,event-match
piano-dense-advanced-vector,onset-mismatch,rhythm,7,1,1,F#5,F#5,2,1.5,0.5,0.5,0,0.5,0,voice-onset-assignment,rhythm_packing,event-match
piano-dense-advanced-vector,onset-mismatch,rhythm,7,1,1,A#5,A#5,2,2.5,0.5,0.5,0,0.5,0,voice-onset-assignment,rhythm_packing,event-match
piano-dense-advanced-vector,onset-mismatch,rhythm,7,1,1,G#5,G#5,2.5,3,0.5,0.5,0,0.5,0,voice-onset-assignment,rhythm_packing,event-match
piano-dense-advanced-vector,onset-mismatch,rhythm,7,1,1,D#5,D#5,3,2.5,0.5,0.5,0,0.5,0,voice-onset-assignment,rhythm_packing,event-match
piano-dense-advanced-vector,incorrect-pitch,pitch,7,1,1,B4,C5,0,0,0.5,0.5,1,0,0,accidental-or-staff-position,accidental_state,event-match
piano-dense-advanced-vector,incorrect-pitch,pitch,7,1,1,G5,F#5,1,1,0.5,0.5,-1,0,0,accidental-or-staff-position,pitch_mapping,event-match
piano-dense-advanced-vector,incorrect-pitch,pitch,7,1,1,C#6,C6,2,2,0.5,0.5,-1,0,0,accidental-or-staff-position,pitch_mapping,event-match
piano-dense-advanced-vector,incorrect-pitch,pitch,7,1,1,G5,F#5,3,3,0.5,0.5,-1,0,0,accidental-or-staff-position,pitch_mapping,event-match
piano-dense-advanced-vector,incorrect-pitch,pitch,7,2,2,F#3,F3,0,0,1,1,-1,0,0,accidental-or-staff-position,pitch_mapping,event-match
piano-dense-advanced-vector,incorrect-pitch,pitch,7,2,2,E3,F3,3,3,1,1,1,0,0,accidental-or-staff-position,accidental_state,event-match
piano-dense-advanced-vector,incorrect-pitch,pitch,7,1,1,E5,F5,1.5,2,0.5,0.5,1,0.5,0,accidental-or-staff-position,accidental_state,event-match
piano-dense-advanced-vector,onset-mismatch,rhythm,7,1,1,E5,F5,1.5,2,0.5,0.5,1,0.5,0,voice-onset-assignment,rhythm_packing,event-match
piano-dense-advanced-vector,incorrect-pitch,pitch,7,1,1,D#5,C#5,0,0,0.5,0.5,-2,0,0,accidental-or-staff-position,pitch_mapping,event-match
piano-dense-advanced-vector,incorrect-pitch,pitch,7,1,1,E5,F#5,2.5,2.5,0.5,0.5,2,0,0,accidental-or-staff-position,pitch_mapping,event-match
piano-dense-advanced-vector,incorrect-pitch,pitch,7,1,1,G#5,F#5,3.5,3.5,0.5,0.5,-2,0,0,accidental-or-staff-position,pitch_mapping,event-match
piano-dense-advanced-vector,incorrect-pitch,pitch,7,2,2,B3,A3,0,0,1,1,-2,0,0,accidental-or-staff-position,pitch_mapping,event-match
piano-dense-advanced-vector,incorrect-pitch,pitch,7,2,2,G#3,F#3,1,1,1,1,-2,0,0,accidental-or-staff-position,pitch_mapping,event-match
piano-dense-advanced-vector,incorrect-pitch,pitch,7,1,1,A#5,C#5,3,3,0.5,0.5,-9,0,0,staff-pitch-assignment,pitch_mapping,event-match
piano-dense-advanced-vector,incorrect-pitch,pitch,7,1,1,B5,C#5,1.5,1,0.5,0.5,-10,0.5,0,staff-pitch-assignment,pitch_mapping,event-match
piano-dense-advanced-vector,onset-mismatch,rhythm,7,1,1,B5,C#5,1.5,1,0.5,0.5,-10,0.5,0,voice-onset-assignment,rhythm_packing,event-match
piano-dense-advanced-vector,missing-note,pitch,7,1,1,B5,,2.5,,0.5,,,,,missing-or-extra-extraction,symbol_detection,event-match
piano-dense-advanced-vector,extra-note,pitch,7,1,1,,F5,,0,,0.5,,,,missing-or-extra-extraction,symbol_detection,event-match
piano-dense-advanced-vector,incorrect-chord,measure-structure,7,1,1,,,,,,,,,,chord-grouping,pitch_mapping,chord-integrity
piano-dense-advanced-vector,incorrect-chord,measure-structure,7,2,2,,,,,,,,,,chord-grouping,pitch_mapping,chord-integrity
piano-dense-advanced-vector,incorrect-chord,measure-structure,7,2,2,,,,,,,,,,chord-grouping,pitch_mapping,chord-integrity
piano-dense-advanced-vector,incorrect-chord,measure-structure,7,2,2,,,,,,,,,,chord-grouping,pitch_mapping,chord-integrity
piano-dense-advanced-vector,incorrect-chord,measure-structure,7,1,1,,,,,,,,,,chord-grouping,chord_grouping,chord-integrity
piano-dense-advanced-vector,incorrect-chord,measure-structure,7,1,1,,,,,,,,,,chord-grouping,pitch_mapping,chord-integrity
piano-dense-advanced-vector,incorrect-chord,measure-structure,7,1,1,,,,,,,,,,chord-grouping,pitch_mapping,chord-integrity
piano-dense-advanced-vector,incorrect-chord,measure-structure,7,1,1,,,,,,,,,,chord-grouping,pitch_mapping,chord-integrity
piano-dense-advanced-vector,incorrect-chord,measure-structure,7,1,1,,,,,,,,,,chord-grouping,chord_grouping,chord-integrity
piano-dense-advanced-vector,incorrect-chord,measure-structure,7,1,1,,,,,,,,,,chord-grouping,pitch_mapping,chord-integrity
piano-dense-advanced-vector,onset-mismatch,rhythm,8,1,1,E5,E5,0,0.5,0.5,0.5,0,0.5,0,voice-onset-assignment,rhythm_packing,event-match
piano-dense-advanced-vector,onset-mismatch,rhythm,8,1,1,D5,D5,0.5,0,0.5,0.5,0,0.5,0,voice-onset-assignment,rhythm_packing,event-match
piano-dense-advanced-vector,onset-mismatch,rhythm,8,1,1,F#5,F#5,0.5,0,0.5,0.5,0,0.5,0,voice-onset-assignment,rhythm_packing,event-match
piano-dense-advanced-vector,onset-mismatch,rhythm,8,1,1,A5,A5,0.5,1,0.5,0.5,0,0.5,0,voice-onset-assignment,rhythm_packing,event-match
piano-dense-advanced-vector,onset-mismatch,rhythm,8,1,1,E5,E5,1,1.5,0.5,0.5,0,0.5,0,voice-onset-assignment,rhythm_packing,event-match
piano-dense-advanced-vector,onset-mismatch,rhythm,8,1,1,G#5,G#5,1,0.5,0.5,0.5,0,0.5,0,voice-onset-assignment,rhythm_packing,event-match
piano-dense-advanced-vector,onset-mismatch,rhythm,8,1,1,A5,A5,1.5,2,0.5,0.5,0,0.5,0,voice-onset-assignment,rhythm_packing,event-match
piano-dense-advanced-vector,onset-mismatch,rhythm,8,1,1,A5,A5,2.5,3,0.5,0.5,0,0.5,0,voice-onset-assignment,rhythm_packing,event-match
piano-dense-advanced-vector,onset-mismatch,rhythm,8,1,1,E5,E5,3,2.5,0.5,0.5,0,0.5,0,voice-onset-assignment,rhythm_packing,event-match
piano-dense-advanced-vector,onset-mismatch,rhythm,8,1,1,G#5,G#5,3,2.5,0.5,0.5,0,0.5,0,voice-onset-assignment,rhythm_packing,event-match
piano-dense-advanced-vector,onset-mismatch,rhythm,8,1,1,D5,D5,3.5,3,0.5,0.5,0,0.5,0,voice-onset-assignment,rhythm_packing,event-match
piano-dense-advanced-vector,onset-mismatch,rhythm,8,1,1,F#5,F#5,3.5,3,0.5,0.5,0,0.5,0,voice-onset-assignment,rhythm_packing,event-match
piano-dense-advanced-vector,incorrect-pitch,pitch,8,1,1,G5,F#5,2,2,0.5,0.5,-1,0,0,accidental-or-staff-position,pitch_mapping,event-match
piano-dense-advanced-vector,incorrect-pitch,pitch,8,1,1,B5,C6,2,2,0.5,0.5,1,0,0,accidental-or-staff-position,pitch_mapping,event-match
piano-dense-advanced-vector,incorrect-pitch,pitch,8,1,1,F5,F#5,1.5,1,0.5,0.5,1,0.5,0,accidental-or-staff-position,accidental_state,event-match
piano-dense-advanced-vector,onset-mismatch,rhythm,8,1,1,F5,F#5,1.5,1,0.5,0.5,1,0.5,0,voice-onset-assignment,rhythm_packing,event-match
piano-dense-advanced-vector,incorrect-pitch,pitch,8,1,1,B5,G#5,1,1.5,0.5,0.5,-3,0.5,0,staff-pitch-assignment,pitch_mapping,event-match
piano-dense-advanced-vector,onset-mismatch,rhythm,8,1,1,B5,G#5,1,1.5,0.5,0.5,-3,0.5,0,voice-onset-assignment,rhythm_packing,event-match
piano-dense-advanced-vector,incorrect-pitch,pitch,8,1,1,G5,C5,0,0.5,0.5,0.5,-7,0.5,0,staff-pitch-assignment,pitch_mapping,event-match
piano-dense-advanced-vector,onset-mismatch,rhythm,8,1,1,G5,C5,0,0.5,0.5,0.5,-7,0.5,0,voice-onset-assignment,rhythm_packing,event-match
piano-dense-advanced-vector,incorrect-pitch,pitch,8,1,1,B5,E5,3,3.5,0.5,0.5,-7,0.5,0,staff-pitch-assignment,pitch_mapping,event-match
piano-dense-advanced-vector,onset-mismatch,rhythm,8,1,1,B5,E5,3,3.5,0.5,0.5,-7,0.5,0,voice-onset-assignment,rhythm_packing,event-match
piano-dense-advanced-vector,missing-note,pitch,8,1,1,D6,,2,,0.5,,,,,missing-or-extra-extraction,symbol_detection,event-match
piano-dense-advanced-vector,missing-note,pitch,8,1,1,F5,,2.5,,0.5,,,,,missing-or-extra-extraction,symbol_detection,event-match
piano-dense-advanced-vector,extra-note,pitch,8,1,1,,D5,,1,,0.5,,,,missing-or-extra-extraction,symbol_detection,event-match
piano-dense-advanced-vector,extra-note,pitch,8,1,1,,C5,,3.5,,0.5,,,,missing-or-extra-extraction,symbol_detection,event-match
piano-dense-advanced-vector,incorrect-chord,measure-structure,8,1,1,,,,,,,,,,chord-grouping,pitch_mapping,chord-integrity
piano-dense-advanced-vector,incorrect-chord,measure-structure,8,1,1,,,,,,,,,,chord-grouping,pitch_mapping,chord-integrity
piano-dense-advanced-vector,incorrect-chord,measure-structure,8,1,1,,,,,,,,,,chord-grouping,chord_grouping,chord-integrity
piano-dense-advanced-vector,incorrect-chord,measure-structure,8,1,1,,,,,,,,,,chord-grouping,chord_grouping,chord-integrity
piano-dense-advanced-vector,incorrect-chord,measure-structure,8,1,1,,,,,,,,,,chord-grouping,chord_grouping,chord-integrity
piano-dense-advanced-vector,incorrect-chord,measure-structure,8,1,1,,,,,,,,,,chord-grouping,pitch_mapping,chord-integrity
piano-dense-advanced-vector,incorrect-chord,measure-structure,8,1,1,,,,,,,,,,chord-grouping,chord_grouping,chord-integrity
piano-dense-advanced-vector,tempo-mismatch,interpretation,1,,,,,,,,,,,,other,unknown / late MusicXML,evaluator-compact
piano-dense-advanced-vector,missing-accent,articulation,5,,,,,,,,,,,,articulation,articulation glyph association,evaluator-compact
piano-dense-advanced-vector,missing-accent,articulation,6,,,,,,,,,,,,articulation,articulation glyph association,evaluator-compact
piano-dense-advanced-vector,missing-accent,articulation,7,,,,,,,,,,,,articulation,articulation glyph association,evaluator-compact
piano-dense-advanced-vector,missing-accent,articulation,8,,,,,,,,,,,,articulation,articulation glyph association,evaluator-compact
guitar-tab-sparse-vector,onset-mismatch,rhythm,1,1,1,A3,A3,2,2.5,1,0.5,0,0.5,0.5,voice-onset-assignment,rhythm_packing,event-match
guitar-tab-sparse-vector,duration-mismatch,rhythm,1,1,1,A3,A3,2,2.5,1,0.5,0,0.5,0.5,duration-inference,duration_inference,event-match
guitar-tab-sparse-vector,incorrect-pitch,pitch,1,1,1,E4,F4,0,0.25,1,1.25,1,0.25,0.25,accidental-or-staff-position,pitch_mapping,event-match
guitar-tab-sparse-vector,onset-mismatch,rhythm,1,1,1,E4,F4,0,0.25,1,1.25,1,0.25,0.25,voice-onset-assignment,rhythm_packing,event-match
guitar-tab-sparse-vector,duration-mismatch,rhythm,1,1,1,E4,F4,0,0.25,1,1.25,1,0.25,0.25,duration-inference,duration_inference,event-match
guitar-tab-sparse-vector,incorrect-pitch,pitch,1,1,1,C4,E4,1,1.5,1,0.5,4,0.5,0.5,staff-pitch-assignment,pitch_mapping,event-match
guitar-tab-sparse-vector,onset-mismatch,rhythm,1,1,1,C4,E4,1,1.5,1,0.5,4,0.5,0.5,voice-onset-assignment,rhythm_packing,event-match
guitar-tab-sparse-vector,duration-mismatch,rhythm,1,1,1,C4,E4,1,1.5,1,0.5,4,0.5,0.5,duration-inference,duration_inference,event-match
guitar-tab-sparse-vector,extra-note,pitch,1,1,1,,C4,,2,,0.5,,,,missing-or-extra-extraction,symbol_detection,event-match
guitar-tab-sparse-vector,incorrect-chord,measure-structure,1,1,1,,,,,,,,,,chord-grouping,chord_grouping,chord-integrity
guitar-tab-sparse-vector,duration-mismatch,rhythm,2,1,1,G4,G4,2,2,1,0.75,0,0,0.25,duration-inference,duration_inference,event-match
guitar-tab-sparse-vector,onset-mismatch,rhythm,2,1,1,A4,A4,1,1.25,1,0.75,0,0.25,0.25,voice-onset-assignment,rhythm_packing,event-match
guitar-tab-sparse-vector,duration-mismatch,rhythm,2,1,1,A4,A4,1,1.25,1,0.75,0,0.25,0.25,duration-inference,duration_inference,event-match
guitar-tab-sparse-vector,onset-mismatch,rhythm,2,1,1,C4,C4,3,2.75,1,1.25,0,0.25,0.25,voice-onset-assignment,rhythm_packing,event-match
guitar-tab-sparse-vector,duration-mismatch,rhythm,2,1,1,C4,C4,3,2.75,1,1.25,0,0.25,0.25,duration-inference,duration_inference,event-match
guitar-tab-sparse-vector,onset-mismatch,rhythm,2,1,1,E5,E5,0,0.5,1,0.75,0,0.5,0.25,voice-onset-assignment,rhythm_packing,event-match
guitar-tab-sparse-vector,duration-mismatch,rhythm,2,1,1,E5,E5,0,0.5,1,0.75,0,0.5,0.25,duration-inference,duration_inference,event-match
guitar-tab-sparse-vector,extra-note,pitch,2,1,1,,F#4,,0.25,,0.25,,,,missing-or-extra-extraction,symbol_detection,event-match
guitar-tab-sparse-vector,duration-mismatch,rhythm,3,1,1,B3,B3,2,2,1,0.75,0,0,0.25,duration-inference,duration_inference,event-match
guitar-tab-sparse-vector,onset-mismatch,rhythm,3,1,1,D4,D4,1,1.25,1,0.75,0,0.25,0.25,voice-onset-assignment,rhythm_packing,event-match
guitar-tab-sparse-vector,duration-mismatch,rhythm,3,1,1,D4,D4,1,1.25,1,0.75,0,0.25,0.25,duration-inference,duration_inference,event-match
guitar-tab-sparse-vector,onset-mismatch,rhythm,3,1,1,G3,G3,3,2.75,1,1.25,0,0.25,0.25,voice-onset-assignment,rhythm_packing,event-match
guitar-tab-sparse-vector,duration-mismatch,rhythm,3,1,1,G3,G3,3,2.75,1,1.25,0,0.25,0.25,duration-inference,duration_inference,event-match
guitar-tab-sparse-vector,onset-mismatch,rhythm,3,1,1,G4,G4,0,0.5,1,0.75,0,0.5,0.25,voice-onset-assignment,rhythm_packing,event-match
guitar-tab-sparse-vector,duration-mismatch,rhythm,3,1,1,G4,G4,0,0.5,1,0.75,0,0.5,0.25,duration-inference,duration_inference,event-match
guitar-tab-sparse-vector,extra-note,pitch,3,1,1,,G4,,0.25,,0.25,,,,missing-or-extra-extraction,symbol_detection,event-match
guitar-tab-sparse-vector,duration-mismatch,rhythm,4,1,1,D4,D4,2,2,1,0.75,0,0,0.25,duration-inference,duration_inference,event-match
guitar-tab-sparse-vector,onset-mismatch,rhythm,4,1,1,G4,G4,1,1.25,1,0.75,0,0.25,0.25,voice-onset-assignment,rhythm_packing,event-match
guitar-tab-sparse-vector,duration-mismatch,rhythm,4,1,1,G4,G4,1,1.25,1,0.75,0,0.25,0.25,duration-inference,duration_inference,event-match
guitar-tab-sparse-vector,onset-mismatch,rhythm,4,1,1,B3,B3,3,2.75,1,1.25,0,0.25,0.25,voice-onset-assignment,rhythm_packing,event-match
guitar-tab-sparse-vector,duration-mismatch,rhythm,4,1,1,B3,B3,3,2.75,1,1.25,0,0.25,0.25,duration-inference,duration_inference,event-match
guitar-tab-sparse-vector,onset-mismatch,rhythm,4,1,1,B4,B4,0,0.5,1,0.75,0,0.5,0.25,voice-onset-assignment,rhythm_packing,event-match
guitar-tab-sparse-vector,duration-mismatch,rhythm,4,1,1,B4,B4,0,0.5,1,0.75,0,0.5,0.25,duration-inference,duration_inference,event-match
guitar-tab-sparse-vector,extra-note,pitch,4,1,1,,G#4,,0.25,,0.25,,,,missing-or-extra-extraction,symbol_detection,event-match
guitar-tab-sparse-vector,onset-mismatch,rhythm,5,1,1,A3,A3,2,2.5,1,0.5,0,0.5,0.5,voice-onset-assignment,rhythm_packing,event-match
guitar-tab-sparse-vector,duration-mismatch,rhythm,5,1,1,A3,A3,2,2.5,1,0.5,0,0.5,0.5,duration-inference,duration_inference,event-match
guitar-tab-sparse-vector,incorrect-pitch,pitch,5,1,1,C4,E4,1,1.25,1,0.75,4,0.25,0.25,staff-pitch-assignment,pitch_mapping,event-match
guitar-tab-sparse-vector,onset-mismatch,rhythm,5,1,1,C4,E4,1,1.25,1,0.75,4,0.25,0.25,voice-onset-assignment,rhythm_packing,event-match
guitar-tab-sparse-vector,duration-mismatch,rhythm,5,1,1,C4,E4,1,1.25,1,0.75,4,0.25,0.25,duration-inference,duration_inference,event-match
guitar-tab-sparse-vector,incorrect-pitch,pitch,5,1,1,E4,A4,0,0,1,1.25,5,0,0.25,staff-pitch-assignment,pitch_mapping,event-match
guitar-tab-sparse-vector,duration-mismatch,rhythm,5,1,1,E4,A4,0,0,1,1.25,5,0,0.25,duration-inference,duration_inference,event-match
guitar-tab-sparse-vector,extra-note,pitch,5,1,1,,C4,,2,,0.5,,,,missing-or-extra-extraction,symbol_detection,event-match
guitar-tab-sparse-vector,incorrect-chord,measure-structure,5,1,1,,,,,,,,,,chord-grouping,chord_grouping,chord-integrity
guitar-tab-sparse-vector,duration-mismatch,rhythm,6,1,1,G4,G4,2,2,1,0.75,0,0,0.25,duration-inference,duration_inference,event-match
guitar-tab-sparse-vector,onset-mismatch,rhythm,6,1,1,A4,A4,1,1.25,1,0.75,0,0.25,0.25,voice-onset-assignment,rhythm_packing,event-match
guitar-tab-sparse-vector,duration-mismatch,rhythm,6,1,1,A4,A4,1,1.25,1,0.75,0,0.25,0.25,duration-inference,duration_inference,event-match
guitar-tab-sparse-vector,onset-mismatch,rhythm,6,1,1,C4,C4,3,2.75,1,1.25,0,0.25,0.25,voice-onset-assignment,rhythm_packing,event-match
guitar-tab-sparse-vector,duration-mismatch,rhythm,6,1,1,C4,C4,3,2.75,1,1.25,0,0.25,0.25,duration-inference,duration_inference,event-match
guitar-tab-sparse-vector,onset-mismatch,rhythm,6,1,1,E5,E5,0,0.5,1,0.75,0,0.5,0.25,voice-onset-assignment,rhythm_packing,event-match
guitar-tab-sparse-vector,duration-mismatch,rhythm,6,1,1,E5,E5,0,0.5,1,0.75,0,0.5,0.25,duration-inference,duration_inference,event-match
guitar-tab-sparse-vector,extra-note,pitch,6,1,1,,A#4,,0.25,,0.25,,,,missing-or-extra-extraction,symbol_detection,event-match
guitar-tab-sparse-vector,duration-mismatch,rhythm,7,1,1,B3,B3,2,2,1,0.75,0,0,0.25,duration-inference,duration_inference,event-match
guitar-tab-sparse-vector,onset-mismatch,rhythm,7,1,1,D4,D4,1,1.25,1,0.75,0,0.25,0.25,voice-onset-assignment,rhythm_packing,event-match
guitar-tab-sparse-vector,duration-mismatch,rhythm,7,1,1,D4,D4,1,1.25,1,0.75,0,0.25,0.25,duration-inference,duration_inference,event-match
guitar-tab-sparse-vector,onset-mismatch,rhythm,7,1,1,G3,G3,3,2.75,1,1.25,0,0.25,0.25,voice-onset-assignment,rhythm_packing,event-match
guitar-tab-sparse-vector,duration-mismatch,rhythm,7,1,1,G3,G3,3,2.75,1,1.25,0,0.25,0.25,duration-inference,duration_inference,event-match
guitar-tab-sparse-vector,onset-mismatch,rhythm,7,1,1,G4,G4,0,0.5,1,0.75,0,0.5,0.25,voice-onset-assignment,rhythm_packing,event-match
guitar-tab-sparse-vector,duration-mismatch,rhythm,7,1,1,G4,G4,0,0.5,1,0.75,0,0.5,0.25,duration-inference,duration_inference,event-match
guitar-tab-sparse-vector,extra-note,pitch,7,1,1,,B4,,0.25,,0.25,,,,missing-or-extra-extraction,symbol_detection,event-match
guitar-tab-sparse-vector,duration-mismatch,rhythm,8,1,1,D4,D4,2,2,1,0.75,0,0,0.25,duration-inference,duration_inference,event-match
guitar-tab-sparse-vector,onset-mismatch,rhythm,8,1,1,G4,G4,1,1.25,1,0.75,0,0.25,0.25,voice-onset-assignment,rhythm_packing,event-match
guitar-tab-sparse-vector,duration-mismatch,rhythm,8,1,1,G4,G4,1,1.25,1,0.75,0,0.25,0.25,duration-inference,duration_inference,event-match
guitar-tab-sparse-vector,onset-mismatch,rhythm,8,1,1,B3,B3,3,2.75,1,1.25,0,0.25,0.25,voice-onset-assignment,rhythm_packing,event-match
guitar-tab-sparse-vector,duration-mismatch,rhythm,8,1,1,B3,B3,3,2.75,1,1.25,0,0.25,0.25,duration-inference,duration_inference,event-match
guitar-tab-sparse-vector,onset-mismatch,rhythm,8,1,1,B4,B4,0,0.5,1,0.75,0,0.5,0.25,voice-onset-assignment,rhythm_packing,event-match
guitar-tab-sparse-vector,duration-mismatch,rhythm,8,1,1,B4,B4,0,0.5,1,0.75,0,0.5,0.25,duration-inference,duration_inference,event-match
guitar-tab-sparse-vector,extra-note,pitch,8,1,1,,C5,,0.25,,0.25,,,,missing-or-extra-extraction,symbol_detection,event-match
guitar-tab-sparse-vector,repeat-mismatch,interpretation,1,,,,,,,,,,,,other,unknown / late MusicXML,evaluator-compact
guitar-tab-sparse-vector,tempo-mismatch,interpretation,1,,,,,,,,,,,,other,unknown / late MusicXML,evaluator-compact
guitar-tab-sparse-vector,volta-mismatch,interpretation,7,,,,,,,,,,,,other,unknown / late MusicXML,evaluator-compact
guitar-tab-sparse-vector,repeat-mismatch,interpretation,8,,,,,,,,,,,,other,unknown / late MusicXML,evaluator-compact
guitar-tab-sparse-vector,volta-mismatch,interpretation,8,,,,,,,,,,,,other,unknown / late MusicXML,evaluator-compact
guitar-standard-chords-vector,duration-mismatch,rhythm,1,1,1,E4,E4,0,0,0.5,0.25,0,0,0.25,duration-inference,duration_inference,event-match
guitar-standard-chords-vector,duration-mismatch,rhythm,1,1,1,G4,G4,0,0,0.5,0.25,0,0,0.25,duration-inference,duration_inference,event-match
guitar-standard-chords-vector,onset-mismatch,rhythm,1,1,1,E4,E4,3,2.75,1,1,0,0.25,0,voice-onset-assignment,rhythm_packing,event-match
guitar-standard-chords-vector,onset-mismatch,rhythm,1,1,1,G4,G4,3,2.75,1,1,0,0.25,0,voice-onset-assignment,rhythm_packing,event-match
guitar-standard-chords-vector,incorrect-pitch,pitch,1,1,1,F#4,F4,0.5,0.5,0.5,0.5,-1,0,0,accidental-or-staff-position,pitch_mapping,event-match
guitar-standard-chords-vector,onset-mismatch,rhythm,1,1,1,E4,E4,2,1.75,1,0.25,0,0.25,0.75,voice-onset-assignment,rhythm_packing,event-match
guitar-standard-chords-vector,duration-mismatch,rhythm,1,1,1,E4,E4,2,1.75,1,0.25,0,0.25,0.75,duration-inference,duration_inference,event-match
guitar-standard-chords-vector,onset-mismatch,rhythm,1,1,1,G4,G4,2,1.75,1,0.25,0,0.25,0.75,voice-onset-assignment,rhythm_packing,event-match
guitar-standard-chords-vector,duration-mismatch,rhythm,1,1,1,G4,G4,2,1.75,1,0.25,0,0.25,0.75,duration-inference,duration_inference,event-match
guitar-standard-chords-vector,incorrect-chord,measure-structure,1,1,1,,,,,,,,,,chord-grouping,pitch_mapping,chord-integrity
guitar-standard-chords-vector,onset-mismatch,rhythm,2,1,1,B3,B3,3,2.75,1,1,0,0.25,0,voice-onset-assignment,rhythm_packing,event-match
guitar-standard-chords-vector,onset-mismatch,rhythm,2,1,1,E4,E4,3,2.75,1,1,0,0.25,0,voice-onset-assignment,rhythm_packing,event-match
guitar-standard-chords-vector,onset-mismatch,rhythm,2,1,1,B3,B3,0,0.5,0.5,0.5,0,0.5,0,voice-onset-assignment,rhythm_packing,event-match
guitar-standard-chords-vector,onset-mismatch,rhythm,2,1,1,E4,E4,0,0.5,0.5,0.5,0,0.5,0,voice-onset-assignment,rhythm_packing,event-match
guitar-standard-chords-vector,onset-mismatch,rhythm,2,1,1,C#4,C#4,0.5,1,0.5,0.25,0,0.5,0.25,voice-onset-assignment,rhythm_packing,event-match
guitar-standard-chords-vector,duration-mismatch,rhythm,2,1,1,C#4,C#4,0.5,1,0.5,0.25,0,0.5,0.25,duration-inference,duration_inference,event-match
guitar-standard-chords-vector,onset-mismatch,rhythm,2,1,1,F#4,F#4,0.5,1,0.5,0.25,0,0.5,0.25,voice-onset-assignment,rhythm_packing,event-match
guitar-standard-chords-vector,duration-mismatch,rhythm,2,1,1,F#4,F#4,0.5,1,0.5,0.25,0,0.5,0.25,duration-inference,duration_inference,event-match
guitar-standard-chords-vector,onset-mismatch,rhythm,2,1,1,B3,B3,1,1.5,1,0.5,0,0.5,0.5,voice-onset-assignment,rhythm_packing,event-match
guitar-standard-chords-vector,duration-mismatch,rhythm,2,1,1,B3,B3,1,1.5,1,0.5,0,0.5,0.5,duration-inference,duration_inference,event-match
guitar-standard-chords-vector,onset-mismatch,rhythm,2,1,1,E4,E4,1,1.5,1,0.5,0,0.5,0.5,voice-onset-assignment,rhythm_packing,event-match
guitar-standard-chords-vector,duration-mismatch,rhythm,2,1,1,E4,E4,1,1.5,1,0.5,0,0.5,0.5,duration-inference,duration_inference,event-match
guitar-standard-chords-vector,onset-mismatch,rhythm,3,1,1,G3,G3,3,2.75,1,1,0,0.25,0,voice-onset-assignment,rhythm_packing,event-match
guitar-standard-chords-vector,onset-mismatch,rhythm,3,1,1,B3,B3,3,2.75,1,1,0,0.25,0,voice-onset-assignment,rhythm_packing,event-match
guitar-standard-chords-vector,onset-mismatch,rhythm,3,1,1,E4,E4,3,2.75,1,1,0,0.25,0,voice-onset-assignment,rhythm_packing,event-match
guitar-standard-chords-vector,onset-mismatch,rhythm,3,1,1,A3,A3,0.5,1,0.5,0.5,0,0.5,0,voice-onset-assignment,rhythm_packing,event-match
guitar-standard-chords-vector,onset-mismatch,rhythm,3,1,1,C#4,C#4,0.5,1,0.5,0.5,0,0.5,0,voice-onset-assignment,rhythm_packing,event-match
guitar-standard-chords-vector,onset-mismatch,rhythm,3,1,1,G3,G3,1,0.75,1,0.25,0,0.25,0.75,voice-onset-assignment,rhythm_packing,event-match
guitar-standard-chords-vector,duration-mismatch,rhythm,3,1,1,G3,G3,1,0.75,1,0.25,0,0.25,0.75,duration-inference,duration_inference,event-match
guitar-standard-chords-vector,onset-mismatch,rhythm,3,1,1,B3,B3,1,0.75,1,0.25,0,0.25,0.75,voice-onset-assignment,rhythm_packing,event-match
guitar-standard-chords-vector,duration-mismatch,rhythm,3,1,1,B3,B3,1,0.75,1,0.25,0,0.25,0.75,duration-inference,duration_inference,event-match
guitar-standard-chords-vector,onset-mismatch,rhythm,3,1,1,E4,E4,1,0.75,1,0.25,0,0.25,0.75,voice-onset-assignment,rhythm_packing,event-match
guitar-standard-chords-vector,duration-mismatch,rhythm,3,1,1,E4,E4,1,0.75,1,0.25,0,0.25,0.75,duration-inference,duration_inference,event-match
guitar-standard-chords-vector,missing-note,pitch,3,1,1,G3,,0,,0.5,,,,,missing-or-extra-extraction,symbol_detection,event-match
guitar-standard-chords-vector,missing-note,pitch,3,1,1,B3,,0,,0.5,,,,,missing-or-extra-extraction,symbol_detection,event-match
guitar-standard-chords-vector,missing-note,pitch,3,1,1,E4,,0,,0.5,,,,,missing-or-extra-extraction,symbol_detection,event-match
guitar-standard-chords-vector,extra-note,pitch,3,1,1,,G3,,1.5,,0.5,,,,missing-or-extra-extraction,symbol_detection,event-match
guitar-standard-chords-vector,extra-note,pitch,3,1,1,,B3,,1.5,,0.5,,,,missing-or-extra-extraction,symbol_detection,event-match
guitar-standard-chords-vector,extra-note,pitch,3,1,1,,E4,,1.5,,0.5,,,,missing-or-extra-extraction,symbol_detection,event-match
guitar-standard-chords-vector,incorrect-chord,measure-structure,3,,,,,,,,,,,,chord-grouping,chord_grouping,chord-integrity
guitar-standard-chords-vector,incorrect-chord,measure-structure,3,1,1,,,,,,,,,,chord-grouping,chord_grouping,chord-integrity
guitar-standard-chords-vector,onset-mismatch,rhythm,4,1,1,G3,G3,3,2.75,1,1,0,0.25,0,voice-onset-assignment,rhythm_packing,event-match
guitar-standard-chords-vector,onset-mismatch,rhythm,4,1,1,B3,B3,3,2.75,1,1,0,0.25,0,voice-onset-assignment,rhythm_packing,event-match
guitar-standard-chords-vector,onset-mismatch,rhythm,4,1,1,E4,E4,3,2.75,1,1,0,0.25,0,voice-onset-assignment,rhythm_packing,event-match
guitar-standard-chords-vector,onset-mismatch,rhythm,4,1,1,G3,G3,0,0.5,0.5,0.5,0,0.5,0,voice-onset-assignment,rhythm_packing,event-match
guitar-standard-chords-vector,onset-mismatch,rhythm,4,1,1,B3,B3,0,0.5,0.5,0.5,0,0.5,0,voice-onset-assignment,rhythm_packing,event-match
guitar-standard-chords-vector,onset-mismatch,rhythm,4,1,1,E4,E4,0,0.5,0.5,0.5,0,0.5,0,voice-onset-assignment,rhythm_packing,event-match
guitar-standard-chords-vector,onset-mismatch,rhythm,4,1,1,A3,A3,0.5,1,0.5,0.5,0,0.5,0,voice-onset-assignment,rhythm_packing,event-match
guitar-standard-chords-vector,onset-mismatch,rhythm,4,1,1,C#4,C#4,0.5,1,0.5,0.5,0,0.5,0,voice-onset-assignment,rhythm_packing,event-match
guitar-standard-chords-vector,onset-mismatch,rhythm,4,1,1,G3,G3,1,1.5,1,1,0,0.5,0,voice-onset-assignment,rhythm_packing,event-match
guitar-standard-chords-vector,onset-mismatch,rhythm,4,1,1,B3,B3,1,1.5,1,1,0,0.5,0,voice-onset-assignment,rhythm_packing,event-match
guitar-standard-chords-vector,onset-mismatch,rhythm,4,1,1,E4,E4,1,1.5,1,1,0,0.5,0,voice-onset-assignment,rhythm_packing,event-match
guitar-standard-chords-vector,missing-note,pitch,4,1,1,E3,,0,,0.5,,,,,missing-or-extra-extraction,symbol_detection,event-match
guitar-standard-chords-vector,missing-note,pitch,4,1,1,F#3,,0.5,,0.5,,,,,missing-or-extra-extraction,symbol_detection,event-match
guitar-standard-chords-vector,missing-note,pitch,4,1,1,E3,,1,,1,,,,,missing-or-extra-extraction,symbol_detection,event-match
guitar-standard-chords-vector,missing-note,pitch,4,1,1,E3,,2,,1,,,,,missing-or-extra-extraction,symbol_detection,event-match
guitar-standard-chords-vector,missing-note,pitch,4,1,1,E3,,3,,1,,,,,missing-or-extra-extraction,symbol_detection,event-match
guitar-standard-chords-vector,incorrect-chord,measure-structure,4,1,1,,,,,,,,,,chord-grouping,chord_grouping,chord-integrity
guitar-standard-chords-vector,incorrect-chord,measure-structure,4,1,1,,,,,,,,,,chord-grouping,chord_grouping,chord-integrity
guitar-standard-chords-vector,incorrect-chord,measure-structure,4,1,1,,,,,,,,,,chord-grouping,chord_grouping,chord-integrity
guitar-standard-chords-vector,incorrect-chord,measure-structure,4,1,1,,,,,,,,,,chord-grouping,chord_grouping,chord-integrity
guitar-standard-chords-vector,incorrect-chord,measure-structure,4,1,1,,,,,,,,,,chord-grouping,chord_grouping,chord-integrity
guitar-standard-chords-vector,split-measure,measure-structure,5,,,,,,,,,,,,measure-structure,measure segmentation,measure-alignment
guitar-standard-chords-vector,merged-measure,measure-structure,6,,,,,,,,,,,,measure-structure,measure segmentation,measure-alignment
guitar-standard-chords-vector,onset-mismatch,rhythm,8,1,1,A3,A3,0.5,1,0.5,0.5,0,0.5,0,voice-onset-assignment,rhythm_packing,event-match
guitar-standard-chords-vector,onset-mismatch,rhythm,8,1,1,C#4,C#4,0.5,1,0.5,0.5,0,0.5,0,voice-onset-assignment,rhythm_packing,event-match
guitar-standard-chords-vector,onset-mismatch,rhythm,8,1,1,G3,G3,1,1.5,1,1,0,0.5,0,voice-onset-assignment,rhythm_packing,event-match
guitar-standard-chords-vector,onset-mismatch,rhythm,8,1,1,B3,B3,1,1.5,1,1,0,0.5,0,voice-onset-assignment,rhythm_packing,event-match
guitar-standard-chords-vector,onset-mismatch,rhythm,8,1,1,E4,E4,1,1.5,1,1,0,0.5,0,voice-onset-assignment,rhythm_packing,event-match
guitar-standard-chords-vector,incorrect-pitch,pitch,8,1,1,F#3,G3,0.5,1,0.5,0.25,1,0.5,0.25,accidental-or-staff-position,pitch_mapping,event-match
guitar-standard-chords-vector,onset-mismatch,rhythm,8,1,1,F#3,G3,0.5,1,0.5,0.25,1,0.5,0.25,voice-onset-assignment,rhythm_packing,event-match
guitar-standard-chords-vector,duration-mismatch,rhythm,8,1,1,F#3,G3,0.5,1,0.5,0.25,1,0.5,0.25,duration-inference,duration_inference,event-match
guitar-standard-chords-vector,incorrect-pitch,pitch,8,1,1,E3,B3,1,1,1,0.25,7,0,0.75,staff-pitch-assignment,pitch_mapping,event-match
guitar-standard-chords-vector,duration-mismatch,rhythm,8,1,1,E3,B3,1,1,1,0.25,7,0,0.75,duration-inference,duration_inference,event-match
guitar-standard-chords-vector,incorrect-pitch,pitch,8,1,1,C#3,E4,0.5,1,0.5,0.25,15,0.5,0.25,staff-pitch-assignment,pitch_mapping,event-match
guitar-standard-chords-vector,onset-mismatch,rhythm,8,1,1,C#3,E4,0.5,1,0.5,0.25,15,0.5,0.25,voice-onset-assignment,rhythm_packing,event-match
guitar-standard-chords-vector,duration-mismatch,rhythm,8,1,1,C#3,E4,0.5,1,0.5,0.25,15,0.5,0.25,duration-inference,duration_inference,event-match
guitar-standard-chords-vector,missing-note,pitch,8,1,1,E2,,0,,0.5,,,,,missing-or-extra-extraction,symbol_detection,event-match
guitar-standard-chords-vector,missing-note,pitch,8,1,1,B2,,0,,0.5,,,,,missing-or-extra-extraction,symbol_detection,event-match
guitar-standard-chords-vector,missing-note,pitch,8,1,1,E3,,0,,0.5,,,,,missing-or-extra-extraction,symbol_detection,event-match
guitar-standard-chords-vector,missing-note,pitch,8,1,1,G3,,0,,0.5,,,,,missing-or-extra-extraction,symbol_detection,event-match
guitar-standard-chords-vector,missing-note,pitch,8,1,1,B3,,0,,0.5,,,,,missing-or-extra-extraction,symbol_detection,event-match
guitar-standard-chords-vector,missing-note,pitch,8,1,1,E4,,0,,0.5,,,,,missing-or-extra-extraction,symbol_detection,event-match
guitar-standard-chords-vector,missing-note,pitch,8,1,1,F#2,,0.5,,0.5,,,,,missing-or-extra-extraction,symbol_detection,event-match
guitar-standard-chords-vector,missing-note,pitch,8,1,1,E2,,1,,1,,,,,missing-or-extra-extraction,symbol_detection,event-match
guitar-standard-chords-vector,missing-note,pitch,8,1,1,B2,,1,,1,,,,,missing-or-extra-extraction,symbol_detection,event-match
guitar-standard-chords-vector,missing-note,pitch,8,1,1,E2,,2,,1,,,,,missing-or-extra-extraction,symbol_detection,event-match
guitar-standard-chords-vector,missing-note,pitch,8,1,1,B2,,2,,1,,,,,missing-or-extra-extraction,symbol_detection,event-match
guitar-standard-chords-vector,missing-note,pitch,8,1,1,E2,,3,,1,,,,,missing-or-extra-extraction,symbol_detection,event-match
guitar-standard-chords-vector,missing-note,pitch,8,1,1,B2,,3,,1,,,,,missing-or-extra-extraction,symbol_detection,event-match
guitar-standard-chords-vector,missing-note,pitch,8,1,1,E3,,3,,1,,,,,missing-or-extra-extraction,symbol_detection,event-match
guitar-standard-chords-vector,incorrect-chord,measure-structure,8,1,1,,,,,,,,,,chord-grouping,chord_grouping,chord-integrity
guitar-standard-chords-vector,incorrect-chord,measure-structure,8,1,1,,,,,,,,,,chord-grouping,chord_grouping,chord-integrity
guitar-standard-chords-vector,incorrect-chord,measure-structure,8,1,1,,,,,,,,,,chord-grouping,chord_grouping,chord-integrity
guitar-standard-chords-vector,incorrect-chord,measure-structure,8,,,,,,,,,,,,chord-grouping,chord_grouping,chord-integrity
guitar-standard-chords-vector,incorrect-chord,measure-structure,8,,,,,,,,,,,,chord-grouping,chord_grouping,chord-integrity
guitar-standard-chords-vector,tempo-mismatch,interpretation,1,,,,,,,,,,,,other,unknown / late MusicXML,evaluator-compact
guitar-paired-chords-vector,duration-mismatch,rhythm,1,1,1,G3,G3,0,0,1,0.5,0,0,0.5,duration-inference,duration_inference,event-match
guitar-paired-chords-vector,duration-mismatch,rhythm,1,1,1,C4,C4,0,0,1,0.5,0,0,0.5,duration-inference,duration_inference,event-match
guitar-paired-chords-vector,duration-mismatch,rhythm,1,1,1,E4,E4,0,0,1,0.5,0,0,0.5,duration-inference,duration_inference,event-match
guitar-paired-chords-vector,onset-mismatch,rhythm,1,1,1,C4,C4,1,1.25,1,0.5,0,0.25,0.5,voice-onset-assignment,rhythm_packing,event-match
guitar-paired-chords-vector,duration-mismatch,rhythm,1,1,1,C4,C4,1,1.25,1,0.5,0,0.25,0.5,duration-inference,duration_inference,event-match
guitar-paired-chords-vector,onset-mismatch,rhythm,1,1,1,E4,E4,1,1.25,1,0.5,0,0.25,0.5,voice-onset-assignment,rhythm_packing,event-match
guitar-paired-chords-vector,duration-mismatch,rhythm,1,1,1,E4,E4,1,1.25,1,0.5,0,0.25,0.5,duration-inference,duration_inference,event-match
guitar-paired-chords-vector,onset-mismatch,rhythm,1,1,1,G3,G3,2,1.25,1,0.5,0,0.75,0.5,voice-onset-assignment,rhythm_packing,event-match
guitar-paired-chords-vector,duration-mismatch,rhythm,1,1,1,G3,G3,2,1.25,1,0.5,0,0.75,0.5,duration-inference,duration_inference,event-match
guitar-paired-chords-vector,incorrect-pitch,pitch,1,1,1,C4,D4,3,3.5,1,0.25,2,0.5,0.75,accidental-or-staff-position,pitch_mapping,event-match
guitar-paired-chords-vector,onset-mismatch,rhythm,1,1,1,C4,D4,3,3.5,1,0.25,2,0.5,0.75,voice-onset-assignment,rhythm_packing,event-match
guitar-paired-chords-vector,duration-mismatch,rhythm,1,1,1,C4,D4,3,3.5,1,0.25,2,0.5,0.75,duration-inference,duration_inference,event-match
guitar-paired-chords-vector,incorrect-pitch,pitch,1,1,1,E4,G4,3,3.5,1,0.25,3,0.5,0.75,staff-pitch-assignment,pitch_mapping,event-match
guitar-paired-chords-vector,onset-mismatch,rhythm,1,1,1,E4,G4,3,3.5,1,0.25,3,0.5,0.75,voice-onset-assignment,rhythm_packing,event-match
guitar-paired-chords-vector,duration-mismatch,rhythm,1,1,1,E4,G4,3,3.5,1,0.25,3,0.5,0.75,duration-inference,duration_inference,event-match
guitar-paired-chords-vector,extra-note,pitch,1,1,1,,C4,,0.5,,0.5,,,,missing-or-extra-extraction,symbol_detection,event-match
guitar-paired-chords-vector,extra-note,pitch,1,1,1,,E4,,0.5,,0.5,,,,missing-or-extra-extraction,symbol_detection,event-match
guitar-paired-chords-vector,extra-note,pitch,1,1,1,,D3,,3.5,,0.25,,,,missing-or-extra-extraction,symbol_detection,event-match
guitar-paired-chords-vector,extra-note,pitch,1,1,1,,A3,,3.5,,0.25,,,,missing-or-extra-extraction,symbol_detection,event-match
guitar-paired-chords-vector,incorrect-chord,measure-structure,1,1,1,,,,,,,,,,chord-grouping,pitch_mapping,chord-integrity
guitar-paired-chords-vector,incorrect-chord,measure-structure,1,1,1,,,,,,,,,,chord-grouping,chord_grouping,chord-integrity
guitar-paired-chords-vector,incorrect-chord,measure-structure,1,1,1,,,,,,,,,,chord-grouping,chord_grouping,chord-integrity
guitar-paired-chords-vector,incorrect-pitch,pitch,2,1,1,D4,C4,3,3,1,1,-2,0,0,accidental-or-staff-position,pitch_mapping,event-match
guitar-paired-chords-vector,incorrect-pitch,pitch,2,1,1,G4,A4,3,3,1,1,2,0,0,accidental-or-staff-position,pitch_mapping,event-match
guitar-paired-chords-vector,missing-note,pitch,2,1,1,D3,,0,,1,,,,,missing-or-extra-extraction,symbol_detection,event-match
guitar-paired-chords-vector,missing-note,pitch,2,1,1,D3,,2,,1,,,,,missing-or-extra-extraction,symbol_detection,event-match
guitar-paired-chords-vector,missing-note,pitch,2,1,1,A3,,2,,1,,,,,missing-or-extra-extraction,symbol_detection,event-match
guitar-paired-chords-vector,extra-note,pitch,2,1,1,,D3,,1,,1,,,,missing-or-extra-extraction,symbol_detection,event-match
guitar-paired-chords-vector,extra-note,pitch,2,1,1,,E3,,3,,1,,,,missing-or-extra-extraction,symbol_detection,event-match
guitar-paired-chords-vector,extra-note,pitch,2,1,1,,A3,,3,,1,,,,missing-or-extra-extraction,symbol_detection,event-match
guitar-paired-chords-vector,extra-note,pitch,2,1,1,,E4,,3,,1,,,,missing-or-extra-extraction,symbol_detection,event-match
guitar-paired-chords-vector,incorrect-chord,measure-structure,2,1,1,,,,,,,,,,chord-grouping,chord_grouping,chord-integrity
guitar-paired-chords-vector,incorrect-chord,measure-structure,2,1,1,,,,,,,,,,chord-grouping,chord_grouping,chord-integrity
guitar-paired-chords-vector,incorrect-chord,measure-structure,2,1,1,,,,,,,,,,chord-grouping,chord_grouping,chord-integrity
guitar-paired-chords-vector,incorrect-chord,measure-structure,2,1,1,,,,,,,,,,chord-grouping,chord_grouping,chord-integrity
guitar-paired-chords-vector,incorrect-pitch,pitch,3,1,1,A4,G4,3,3,1,1,-2,0,0,accidental-or-staff-position,pitch_mapping,event-match
guitar-paired-chords-vector,missing-note,pitch,3,1,1,E3,,0,,1,,,,,missing-or-extra-extraction,symbol_detection,event-match
guitar-paired-chords-vector,missing-note,pitch,3,1,1,E3,,2,,1,,,,,missing-or-extra-extraction,symbol_detection,event-match
guitar-paired-chords-vector,missing-note,pitch,3,1,1,A3,,2,,1,,,,,missing-or-extra-extraction,symbol_detection,event-match
guitar-paired-chords-vector,missing-note,pitch,3,1,1,C4,,2,,1,,,,,missing-or-extra-extraction,symbol_detection,event-match
guitar-paired-chords-vector,extra-note,pitch,3,1,1,,E3,,1,,1,,,,missing-or-extra-extraction,symbol_detection,event-match
guitar-paired-chords-vector,extra-note,pitch,3,1,1,,E3,,3,,1,,,,missing-or-extra-extraction,symbol_detection,event-match
guitar-paired-chords-vector,extra-note,pitch,3,1,1,,B3,,3,,1,,,,missing-or-extra-extraction,symbol_detection,event-match
guitar-paired-chords-vector,extra-note,pitch,3,1,1,,B4,,3,,1,,,,missing-or-extra-extraction,symbol_detection,event-match
guitar-paired-chords-vector,extra-note,pitch,3,1,1,,E5,,3,,1,,,,missing-or-extra-extraction,symbol_detection,event-match
guitar-paired-chords-vector,incorrect-chord,measure-structure,3,1,1,,,,,,,,,,chord-grouping,chord_grouping,chord-integrity
guitar-paired-chords-vector,incorrect-chord,measure-structure,3,1,1,,,,,,,,,,chord-grouping,chord_grouping,chord-integrity
guitar-paired-chords-vector,incorrect-chord,measure-structure,3,1,1,,,,,,,,,,chord-grouping,chord_grouping,chord-integrity
guitar-paired-chords-vector,incorrect-chord,measure-structure,3,1,1,,,,,,,,,,chord-grouping,chord_grouping,chord-integrity
guitar-paired-chords-vector,missing-note,pitch,4,1,1,E3,,0,,1,,,,,missing-or-extra-extraction,symbol_detection,event-match
guitar-paired-chords-vector,missing-note,pitch,4,1,1,E3,,2,,1,,,,,missing-or-extra-extraction,symbol_detection,event-match
guitar-paired-chords-vector,missing-note,pitch,4,1,1,B3,,2,,1,,,,,missing-or-extra-extraction,symbol_detection,event-match
guitar-paired-chords-vector,missing-note,pitch,4,1,1,E4,,2,,1,,,,,missing-or-extra-extraction,symbol_detection,event-match
guitar-paired-chords-vector,missing-note,pitch,4,1,1,G4,,2,,1,,,,,missing-or-extra-extraction,symbol_detection,event-match
guitar-paired-chords-vector,missing-note,pitch,4,1,1,B4,,3,,1,,,,,missing-or-extra-extraction,symbol_detection,event-match
guitar-paired-chords-vector,missing-note,pitch,4,1,1,E5,,3,,1,,,,,missing-or-extra-extraction,symbol_detection,event-match
guitar-paired-chords-vector,extra-note,pitch,4,1,1,,E3,,1,,1,,,,missing-or-extra-extraction,symbol_detection,event-match
guitar-paired-chords-vector,incorrect-chord,measure-structure,4,1,1,,,,,,,,,,chord-grouping,chord_grouping,chord-integrity
guitar-paired-chords-vector,incorrect-chord,measure-structure,4,1,1,,,,,,,,,,chord-grouping,chord_grouping,chord-integrity
guitar-paired-chords-vector,incorrect-chord,measure-structure,4,1,1,,,,,,,,,,chord-grouping,chord_grouping,chord-integrity
guitar-paired-chords-vector,incorrect-chord,measure-structure,4,,,,,,,,,,,,chord-grouping,chord_grouping,chord-integrity
guitar-paired-chords-vector,missing-note,pitch,5,1,1,G4,,3,,1,,,,,missing-or-extra-extraction,symbol_detection,event-match
guitar-paired-chords-vector,missing-note,pitch,5,1,1,B4,,3,,1,,,,,missing-or-extra-extraction,symbol_detection,event-match
guitar-paired-chords-vector,incorrect-chord,measure-structure,5,,,,,,,,,,,,chord-grouping,chord_grouping,chord-integrity
guitar-paired-chords-vector,split-measure,measure-structure,6,,,,,,,,,,,,measure-structure,measure segmentation,measure-alignment
guitar-paired-chords-vector,split-measure,measure-structure,7,,,,,,,,,,,,measure-structure,measure segmentation,measure-alignment
guitar-paired-chords-vector,missing-note,pitch,8,1,1,G2,,0,,1,,,,,missing-or-extra-extraction,symbol_detection,event-match
guitar-paired-chords-vector,missing-note,pitch,8,1,1,C3,,0,,1,,,,,missing-or-extra-extraction,symbol_detection,event-match
guitar-paired-chords-vector,missing-note,pitch,8,1,1,E3,,0,,1,,,,,missing-or-extra-extraction,symbol_detection,event-match
guitar-paired-chords-vector,missing-note,pitch,8,1,1,C3,,1,,1,,,,,missing-or-extra-extraction,symbol_detection,event-match
guitar-paired-chords-vector,missing-note,pitch,8,1,1,E3,,1,,1,,,,,missing-or-extra-extraction,symbol_detection,event-match
guitar-paired-chords-vector,missing-note,pitch,8,1,1,G2,,2,,1,,,,,missing-or-extra-extraction,symbol_detection,event-match
guitar-paired-chords-vector,missing-note,pitch,8,1,1,C3,,2,,1,,,,,missing-or-extra-extraction,symbol_detection,event-match
guitar-paired-chords-vector,missing-note,pitch,8,1,1,E3,,2,,1,,,,,missing-or-extra-extraction,symbol_detection,event-match
guitar-paired-chords-vector,incorrect-chord,measure-structure,8,1,1,,,,,,,,,,chord-grouping,chord_grouping,chord-integrity
guitar-paired-chords-vector,incorrect-chord,measure-structure,8,1,1,,,,,,,,,,chord-grouping,chord_grouping,chord-integrity
guitar-paired-chords-vector,incorrect-chord,measure-structure,8,1,1,,,,,,,,,,chord-grouping,chord_grouping,chord-integrity
guitar-paired-chords-vector,repeat-mismatch,interpretation,1,,,,,,,,,,,,other,unknown / late MusicXML,evaluator-compact
guitar-paired-chords-vector,tempo-mismatch,interpretation,1,,,,,,,,,,,,other,unknown / late MusicXML,evaluator-compact
guitar-paired-chords-vector,repeat-mismatch,interpretation,8,,,,,,,,,,,,other,unknown / late MusicXML,evaluator-compact
guitar-techniques-paired-vector,missing-tie,sustain,4,1,1,D4,D4,3,3,1,1,0,0,0,sustain-tie,sustain_association,event-match
guitar-techniques-paired-vector,missing-tie,sustain,5,1,1,A4,A4,0,0,1,1,0,0,0,sustain-tie,sustain_association,event-match
guitar-techniques-paired-vector,tempo-mismatch,interpretation,1,,,,,,,,,,,,other,unknown / late MusicXML,evaluator-compact