fixture,code,cluster,measure,page,staff,voice,expectedOnset,generatedOnset,onsetDiff,expectedPitch,generatedPitch,expectedChord,generatedChord,fragmentedSameClef,sequentialSameXCount,duplicateOwnershipCount
piano-beginner-single-vector,onset-mismatch,onset-resnap-or-gap-pack,7,,1,1,1.5,1,0.5,G4,G4,,,,,
piano-beginner-single-vector,missing-note,note-dropped-during-packing,7,,1,1,3,,,A4,,,,,,
piano-beginner-single-vector,extra-note,nearby-voices-incorrectly-merged,7,,1,1,,2,,,A4,,,,,
piano-beginner-single-vector,onset-mismatch,onset-resnap-or-gap-pack,8,,1,1,3,2.75,0.25,E4,E4,,,,,
piano-beginner-single-vector,onset-mismatch,onset-resnap-or-gap-pack,8,,1,1,0.5,1,0.5,A4,A4,,,,,
piano-beginner-single-vector,onset-mismatch,onset-resnap-or-gap-pack,8,,1,1,1,1.5,0.5,G4,G4,,,,,
piano-beginner-single-vector,onset-mismatch,onset-resnap-or-gap-pack,8,,1,1,0,0.75,0.75,B4,B4,,,,,
piano-grand-voices-vector,onset-mismatch,onset-resnap-or-gap-pack,5,,1,1,2,1.75,0.25,B4,B4,,,,,
piano-grand-voices-vector,onset-mismatch,onset-resnap-or-gap-pack,5,,1,1,3,2.75,0.25,C5,B4,,,,,
piano-grand-voices-vector,incorrect-chord,same-chord-split-across-onsets,5,,,,,,,,,G4 B4 D5,F4 A4 B4,,,
piano-grand-voices-vector,incorrect-chord,same-chord-split-across-onsets,5,,,,,,,,,B4 D5,A4 B4,,,
piano-grand-voices-vector,incorrect-chord,same-chord-split-across-onsets,5,,,,,,,,,C3 G3,C3 F3,,,
piano-grand-voices-vector,incorrect-chord,same-chord-split-across-onsets,6,,,,,,,,,D3 A3,D3 G3,,,
piano-grand-voices-vector,incorrect-chord,same-chord-split-across-onsets,6,,,,,,,,,A4 C#5 E5,G4 C5 C5,,,
piano-grand-voices-vector,incorrect-chord,same-chord-split-across-onsets,6,,,,,,,,,C#5 E5,C5 C5,,,
piano-grand-voices-vector,incorrect-chord,same-chord-split-across-onsets,7,,,,,,,,,G4 B4 D5,F4 A4 B4,,,
piano-grand-voices-vector,incorrect-chord,same-chord-split-across-onsets,7,,,,,,,,,C3 G3,C3 F3,,,
piano-grand-voices-vector,incorrect-chord,same-chord-split-across-onsets,7,,,,,,,,,B4 D5,A4 B4,,,
piano-grand-voices-vector,incorrect-chord,same-chord-split-across-onsets,8,,,,,,,,,E4 G#4 B4,E4 F4 A#4,,,
piano-grand-voices-vector,incorrect-chord,same-chord-split-across-onsets,8,,,,,,,,,G#4 B4,F4 A#4,,,
piano-rhythm-tuplets-vector,onset-mismatch,onset-resnap-or-gap-pack,1,,1,1,2,1.75,0.25,B4,B4,,,,,
piano-rhythm-tuplets-vector,onset-mismatch,onset-resnap-or-gap-pack,1,,1,1,2.5,2.25,0.25,C5,C5,,,,,
piano-rhythm-tuplets-vector,onset-mismatch,onset-resnap-or-gap-pack,1,,1,1,3,2.75,0.25,B4,B4,,,,,
piano-rhythm-tuplets-vector,onset-mismatch,onset-resnap-or-gap-pack,1,,1,1,3.5,3,0.5,A4,A4,,,,,
piano-rhythm-tuplets-vector,onset-mismatch,onset-resnap-or-gap-pack,2,,1,1,1.25,1.5,0.25,C5,C5,,,,,
piano-rhythm-tuplets-vector,onset-mismatch,onset-resnap-or-gap-pack,2,,1,1,1.75,2,0.25,A4,A4,,,,,
piano-rhythm-tuplets-vector,onset-mismatch,onset-resnap-or-gap-pack,2,,1,1,3,2.75,0.25,B4,B4,,,,,
piano-rhythm-tuplets-vector,onset-mismatch,onset-resnap-or-gap-pack,2,,1,1,3.25,3,0.25,C5,C5,,,,,
piano-rhythm-tuplets-vector,onset-mismatch,complete-chord-wrong-onset,2,,1,1,0.75,1,0.25,A4,A4,,,,,
piano-rhythm-tuplets-vector,onset-mismatch,onset-resnap-or-gap-pack,2,,1,1,3.5,3.25,0.25,B4,B4,,,,,
piano-rhythm-tuplets-vector,onset-mismatch,onset-resnap-or-gap-pack,2,,1,1,0.25,0.75,0.5,F4,F4,,,,,
piano-rhythm-tuplets-vector,onset-mismatch,onset-resnap-or-gap-pack,2,,1,1,0.5,1,0.5,G4,G4,,,,,
piano-rhythm-tuplets-vector,onset-mismatch,complete-chord-wrong-onset,2,,1,1,3.75,3.25,0.5,A4,A4,,,,,
piano-rhythm-tuplets-vector,onset-mismatch,complete-chord-wrong-onset,2,,1,1,0,0.75,0.75,E4,E4,,,,,
piano-rhythm-tuplets-vector,onset-mismatch,onset-resnap-or-gap-pack,2,,1,1,1,1.75,0.75,B4,B4,,,,,
piano-rhythm-tuplets-vector,onset-mismatch,onset-resnap-or-gap-pack,4,,1,1,0.5,1,0.5,G4,G4,,,,,
piano-rhythm-tuplets-vector,onset-mismatch,complete-chord-wrong-onset,4,,1,1,2.75,3,0.25,B4,B4,,,,,
piano-rhythm-tuplets-vector,onset-mismatch,onset-resnap-or-gap-pack,4,,1,1,1,1.5,0.5,A4,A4,,,,,
piano-rhythm-tuplets-vector,missing-note,note-dropped-during-packing,5,,1,1,2,,,C5,,,,,,
piano-rhythm-tuplets-vector,extra-note,nearby-voices-incorrectly-merged,5,,1,1,,1,,,C5,,,,,
piano-rhythm-tuplets-vector,onset-mismatch,complete-chord-wrong-onset,7,,1,1,3,2.75,0.25,E4,E4,,,,,
piano-rhythm-tuplets-vector,onset-mismatch,complete-chord-wrong-onset,7,,1,1,3,2.75,0.25,G4,G4,,,,,
piano-rhythm-tuplets-vector,onset-mismatch,complete-chord-wrong-onset,7,,1,1,3.5,3.25,0.25,E4,E4,,,,,
piano-rhythm-tuplets-vector,onset-mismatch,complete-chord-wrong-onset,7,,1,1,3.5,3.25,0.25,G4,G4,,,,,
piano-rhythm-tuplets-vector,missing-note,note-dropped-during-packing,7,,1,1,0,,,E4,,,,,,
piano-rhythm-tuplets-vector,missing-note,note-dropped-during-packing,7,,1,1,0,,,G4,,,,,,
piano-rhythm-tuplets-vector,extra-note,nearby-voices-incorrectly-merged,7,,1,1,,1.5,,,E4,,,,,
piano-rhythm-tuplets-vector,extra-note,nearby-voices-incorrectly-merged,7,,1,1,,1.5,,,G4,,,,,
piano-rhythm-tuplets-vector,incorrect-chord,nearby-voices-incorrectly-merged,7,,,,,,,,,E4 G4,E4 E4 G4 G4,,,
piano-rhythm-tuplets-vector,incorrect-chord,note-dropped-during-packing,7,,,,,,,,,E4 G4,,,,
piano-rhythm-tuplets-vector,onset-mismatch,onset-resnap-or-gap-pack,8,,1,1,0.75,1,0.25,G4,G4,,,,,
piano-rhythm-tuplets-vector,onset-mismatch,onset-resnap-or-gap-pack,8,,1,1,1,1.5,0.5,A4,A4,,,,,
piano-rhythm-tuplets-vector,onset-mismatch,onset-resnap-or-gap-pack,8,,1,1,0,0.75,0.75,F4,F4,,,,,
piano-articulation-scan,missing-note,note-dropped-during-packing,1,,1,1,0,,,C4,,,,,,
piano-articulation-scan,missing-note,note-dropped-during-packing,1,,1,1,2,,,E4,,,,,,
piano-articulation-scan,missing-note,note-dropped-during-packing,1,,2,2,0,,,C2,,,,,,
piano-articulation-scan,incorrect-chord,note-dropped-during-packing,1,,,,,,,,,C4 E4 G4,E4 G4,,,
piano-articulation-scan,incorrect-chord,note-dropped-during-packing,1,,,,,,,,,E4 G4,G4,,,
piano-articulation-scan,incorrect-chord,note-dropped-during-packing,1,,,,,,,,,C2 G2,G2,,,
piano-articulation-scan,incorrect-chord,same-chord-split-across-onsets,1,,,,,,,,,F2 C3,B2 C3,,,
piano-articulation-scan,onset-mismatch,onset-resnap-or-gap-pack,2,,1,1,1,1.25,0.25,E4,E4,,,,,
piano-articulation-scan,onset-mismatch,complete-chord-wrong-onset,2,,1,1,2,1.25,0.75,A4,A4,,,,,
piano-articulation-scan,onset-mismatch,complete-chord-wrong-onset,2,,1,1,2,2.75,0.75,F#4,F4,,,,,
piano-articulation-scan,onset-mismatch,onset-resnap-or-gap-pack,2,,1,1,3,2.75,0.25,G4,A4,,,,,
piano-articulation-scan,onset-mismatch,complete-chord-wrong-onset,2,,2,2,2,2.75,0.75,D3,D3,,,,,
piano-articulation-scan,onset-mismatch,complete-chord-wrong-onset,2,,2,2,2,2.75,0.75,G2,A2,,,,,
piano-articulation-scan,extra-note,nearby-voices-incorrectly-merged,2,,1,1,,2.75,,,A4,,,,,
piano-articulation-scan,extra-note,nearby-voices-incorrectly-merged,2,,1,1,,2.75,,,B4,,,,,
piano-articulation-scan,extra-note,nearby-voices-incorrectly-merged,2,,2,2,,0,,,C3,,,,,
piano-articulation-scan,extra-note,nearby-voices-incorrectly-merged,2,,2,2,,2.75,,,A2,,,,,
piano-articulation-scan,extra-note,nearby-voices-incorrectly-merged,2,,2,2,,2.75,,,C3,,,,,
piano-articulation-scan,extra-note,nearby-voices-incorrectly-merged,2,,2,2,,2.75,,,E3,,,,,
piano-articulation-scan,incorrect-chord,same-chord-split-across-onsets,2,,,,,,,,,D4 F#4 A4,E4 A4 A4,,,
piano-articulation-scan,incorrect-chord,remaining-pitch-masquerading-as-chord,2,,,,,,,,,F#4 A4,F4 A4,,,
piano-articulation-scan,incorrect-chord,nearby-voices-incorrectly-merged,2,,,,,,,,,D2 A2,A2 A2 C3,,,
piano-articulation-scan,incorrect-chord,same-chord-split-across-onsets,2,,,,,,,,,G2 D3,A2 D3,,,
piano-articulation-scan,incorrect-chord,nearby-voices-incorrectly-merged,2,,,,,,,,,,A4 B4,,,
piano-articulation-scan,incorrect-chord,nearby-voices-incorrectly-merged,2,,,,,,,,,,A2 C3 E3,,,
piano-articulation-scan,missing-note,note-dropped-during-packing,3,,2,2,0,,,E2,,,,,,
piano-articulation-scan,missing-note,note-dropped-during-packing,3,,2,2,0,,,B2,,,,,,
piano-articulation-scan,missing-note,note-dropped-during-packing,3,,2,2,2,,,A2,,,,,,
piano-articulation-scan,missing-note,note-dropped-during-packing,3,,2,2,2,,,E3,,,,,,
piano-articulation-scan,extra-note,nearby-voices-incorrectly-merged,3,,1,1,,2,,,F4,,,,,
piano-articulation-scan,extra-note,nearby-voices-incorrectly-merged,3,,1,1,,2,,,F4,,,,,
piano-articulation-scan,extra-note,nearby-voices-incorrectly-merged,3,,1,1,,3,,,C5,,,,,
piano-articulation-scan,extra-note,nearby-voices-incorrectly-merged,3,,1,1,,3,,,C5,,,,,
piano-articulation-scan,extra-note,nearby-voices-incorrectly-merged,3,,2,2,,3,,,A2,,,,,
piano-articulation-scan,extra-note,nearby-voices-incorrectly-merged,3,,2,2,,3,,,D3,,,,,
piano-articulation-scan,incorrect-chord,same-chord-split-across-onsets,3,,,,,,,,,E4 G#4 B4,E4 F4 A4,,,
piano-articulation-scan,incorrect-chord,nearby-voices-incorrectly-merged,3,,,,,,,,,G#4 B4,F4 F4 A4 A4,,,
piano-articulation-scan,incorrect-chord,nearby-voices-incorrectly-merged,3,,,,,,,,,A4,B4 C5 C5,,,
piano-articulation-scan,incorrect-chord,note-dropped-during-packing,3,,,,,,,,,E2 B2,,,,
piano-articulation-scan,incorrect-chord,note-dropped-during-packing,3,,,,,,,,,A2 E3,,,,
piano-articulation-scan,incorrect-chord,nearby-voices-incorrectly-merged,3,,,,,,,,,,A2 D3,,,
piano-articulation-scan,onset-mismatch,complete-chord-wrong-onset,4,,1,1,2,2.5,0.5,C5,C5,,,,,
piano-articulation-scan,onset-mismatch,complete-chord-wrong-onset,4,,1,1,3,2.5,0.5,A#4,C5,,,,,
piano-articulation-scan,onset-mismatch,onset-resnap-or-gap-pack,4,,2,2,2,1.5,0.5,A#2,A2,,,,,
piano-articulation-scan,missing-note,note-dropped-during-packing,4,,1,1,1,,,G4,,,,,,
piano-articulation-scan,missing-note,note-dropped-during-packing,4,,1,1,2,,,A4,,,,,,
piano-articulation-scan,missing-note,note-dropped-during-packing,4,,2,2,2,,,F3,,,,,,
piano-articulation-scan,extra-note,nearby-voices-incorrectly-merged,4,,1,1,,0,,,C5,,,,,
piano-articulation-scan,incorrect-chord,nearby-voices-incorrectly-merged,4,,,,,,,,,F4 A4 C5,F4 A4 C5 C5,,,
piano-articulation-scan,incorrect-chord,note-dropped-during-packing,4,,,,,,,,,A4 C5,C5,,,
piano-articulation-scan,incorrect-chord,same-chord-split-across-onsets,4,,,,,,,,,F2 C3,C3 C3,,,
piano-articulation-scan,incorrect-chord,note-dropped-during-packing,4,,,,,,,,,A#2 F3,A2,,,
piano-articulation-scan,missing-note,note-dropped-during-packing,5,,1,1,0,,,G4,,,,,,
piano-articulation-scan,extra-note,nearby-voices-incorrectly-merged,5,,1,1,,2,,,B4,,,,,
piano-articulation-scan,extra-note,nearby-voices-incorrectly-merged,5,,1,1,,2,,,B4,,,,,
piano-articulation-scan,extra-note,nearby-voices-incorrectly-merged,5,,1,1,,2,,,C5,,,,,
piano-articulation-scan,extra-note,nearby-voices-incorrectly-merged,5,,2,2,,0,,,C3,,,,,
piano-articulation-scan,extra-note,nearby-voices-incorrectly-merged,5,,2,2,,0,,,D3,,,,,
piano-articulation-scan,incorrect-chord,nearby-voices-incorrectly-merged,5,,,,,,,,,B4 D5,B4 B4 B4 C5 C5,,,
piano-articulation-scan,incorrect-chord,note-dropped-during-packing,5,,,,,,,,,G4 B4 D5,C5 C5,,,
piano-articulation-scan,incorrect-chord,nearby-voices-incorrectly-merged,5,,,,,,,,,G2 D3,G2 C3 D3 D3,,,
piano-articulation-scan,incorrect-chord,same-chord-split-across-onsets,5,,,,,,,,,C3 G3,C3 C3,,,
piano-articulation-scan,extra-note,nearby-voices-incorrectly-merged,6,,1,1,,0,,,B4,,,,,
piano-articulation-scan,extra-note,nearby-voices-incorrectly-merged,6,,1,1,,0,,,B4,,,,,
piano-articulation-scan,extra-note,nearby-voices-incorrectly-merged,6,,1,1,,1,,,A4,,,,,
piano-articulation-scan,extra-note,nearby-voices-incorrectly-merged,6,,1,1,,1,,,A4,,,,,
piano-articulation-scan,extra-note,nearby-voices-incorrectly-merged,6,,1,1,,1,,,B4,,,,,
piano-articulation-scan,extra-note,nearby-voices-incorrectly-merged,6,,1,1,,1,,,C5,,,,,
piano-articulation-scan,extra-note,nearby-voices-incorrectly-merged,6,,1,1,,2,,,B4,,,,,
piano-articulation-scan,extra-note,nearby-voices-incorrectly-merged,6,,1,1,,2,,,B4,,,,,
piano-articulation-scan,extra-note,nearby-voices-incorrectly-merged,6,,2,2,,0,,,C3,,,,,
piano-articulation-scan,extra-note,nearby-voices-incorrectly-merged,6,,2,2,,0,,,D3,,,,,
piano-articulation-scan,incorrect-chord,nearby-voices-incorrectly-merged,6,,,,,,,,,A4 C#5 E5,A4 B4 B4 C5 C5,,,
piano-articulation-scan,incorrect-chord,nearby-voices-incorrectly-merged,6,,,,,,,,,B4,A4 A4 B4 B4 C5,,,
piano-articulation-scan,incorrect-chord,nearby-voices-incorrectly-merged,6,,,,,,,,,C#5 E5,B4 B4 C5 C5,,,
piano-articulation-scan,incorrect-chord,nearby-voices-incorrectly-merged,6,,,,,,,,,A2 E3,G2 C3 D3 D3,,,
piano-articulation-scan,incorrect-chord,same-chord-split-across-onsets,6,,,,,,,,,D3 A3,C3 E3,,,
piano-articulation-scan,onset-mismatch,complete-chord-wrong-onset,7,,1,1,1,1.25,0.25,A4,A4,,,,,
piano-articulation-scan,onset-mismatch,complete-chord-wrong-onset,7,,1,1,3,2.75,0.25,C5,C5,,,,,
piano-articulation-scan,onset-mismatch,complete-chord-wrong-onset,7,,1,1,2,1.25,0.75,B4,B4,,,,,
piano-articulation-scan,onset-mismatch,complete-chord-wrong-onset,7,,2,2,2,2.75,0.75,C3,C3,,,,,
piano-articulation-scan,onset-mismatch,complete-chord-wrong-onset,7,,1,1,2,2.75,0.75,D5,B4,,,,,
piano-articulation-scan,onset-mismatch,complete-chord-wrong-onset,7,,2,2,2,2.75,0.75,G3,F3,,,,,
piano-articulation-scan,extra-note,nearby-voices-incorrectly-merged,7,,1,1,,0,,,G4,,,,,
piano-articulation-scan,extra-note,nearby-voices-incorrectly-merged,7,,1,1,,0,,,A4,,,,,
piano-articulation-scan,extra-note,nearby-voices-incorrectly-merged,7,,1,1,,0,,,B4,,,,,
piano-articulation-scan,extra-note,nearby-voices-incorrectly-merged,7,,1,1,,1.25,,,G4,,,,,
piano-articulation-scan,extra-note,nearby-voices-incorrectly-merged,7,,1,1,,2.75,,,B4,,,,,
piano-articulation-scan,extra-note,nearby-voices-incorrectly-merged,7,,2,2,,0,,,A2,,,,,
piano-articulation-scan,extra-note,nearby-voices-incorrectly-merged,7,,2,2,,0,,,A2,,,,,
piano-articulation-scan,incorrect-chord,nearby-voices-incorrectly-merged,7,,,,,,,,,G4 B4 D5,G4 G4 A4 B4 B4 B4,,,
piano-articulation-scan,incorrect-chord,same-chord-split-across-onsets,7,,,,,,,,,B4 D5,B4 B4,,,
piano-articulation-scan,incorrect-chord,nearby-voices-incorrectly-merged,7,,,,,,,,,G2 D3,G2 A2 A2 C3,,,
piano-articulation-scan,incorrect-chord,same-chord-split-across-onsets,7,,,,,,,,,C3 G3,C3 F3,,,
piano-articulation-scan,onset-mismatch,complete-chord-wrong-onset,8,,1,1,2,2.75,0.75,B4,B4,,,,,
piano-articulation-scan,onset-mismatch,onset-resnap-or-gap-pack,8,,1,1,1,1.25,0.25,F#4,F4,,,,,
piano-articulation-scan,onset-mismatch,complete-chord-wrong-onset,8,,1,1,3,2.75,0.25,A4,B4,,,,,
piano-articulation-scan,onset-mismatch,complete-chord-wrong-onset,8,,2,2,2,2.75,0.75,A2,A2,,,,,
piano-articulation-scan,onset-mismatch,complete-chord-wrong-onset,8,,2,2,2,2.75,0.75,E3,E3,,,,,
piano-articulation-scan,onset-mismatch,complete-chord-wrong-onset,8,,1,1,2,1.25,0.75,G#4,F4,,,,,
piano-articulation-scan,missing-note,note-dropped-during-packing,8,,1,1,0,,,B4,,,,,,
piano-articulation-scan,missing-note,note-dropped-during-packing,8,,2,2,0,,,E2,,,,,,
piano-articulation-scan,missing-note,note-dropped-during-packing,8,,2,2,0,,,B2,,,,,,
piano-articulation-scan,extra-note,nearby-voices-incorrectly-merged,8,,2,2,,2.75,,,B2,,,,,
piano-articulation-scan,extra-note,nearby-voices-incorrectly-merged,8,,2,2,,2.75,,,C3,,,,,
piano-articulation-scan,extra-note,nearby-voices-incorrectly-merged,8,,2,2,,2.75,,,E3,,,,,
piano-articulation-scan,extra-note,nearby-voices-incorrectly-merged,8,,2,2,,2.75,,,E3,,,,,
piano-articulation-scan,incorrect-chord,note-dropped-during-packing,8,,,,,,,,,E4 G#4 B4,F4 A4,,,
piano-articulation-scan,incorrect-chord,same-chord-split-across-onsets,8,,,,,,,,,G#4 B4,F4 B4,,,
piano-articulation-scan,incorrect-chord,note-dropped-during-packing,8,,,,,,,,,E2 B2,,,,
piano-articulation-scan,incorrect-chord,nearby-voices-incorrectly-merged,8,,,,,,,,,,B2 C3 E3 E3,,,
piano-dense-advanced-vector,onset-mismatch,complete-chord-wrong-onset,2,,1,1,0,0.5,0.5,D4,D4,,,,,
piano-dense-advanced-vector,onset-mismatch,complete-chord-wrong-onset,2,,1,1,0,0.5,0.5,F#4,F#4,,,,,
piano-dense-advanced-vector,onset-mismatch,complete-chord-wrong-onset,2,,1,1,0.5,1,0.5,G#4,G#4,,,,,
piano-dense-advanced-vector,onset-mismatch,complete-chord-wrong-onset,2,,1,1,1,0.5,0.5,A#4,A#4,,,,,
piano-dense-advanced-vector,onset-mismatch,complete-chord-wrong-onset,2,,1,1,3,2.5,0.5,F#4,F#4,,,,,
piano-dense-advanced-vector,onset-mismatch,complete-chord-wrong-onset,2,,1,1,3,2.5,0.5,A#4,A#4,,,,,
piano-dense-advanced-vector,onset-mismatch,complete-chord-wrong-onset,2,,1,1,3,2.5,0.5,C#5,C#5,,,,,
piano-dense-advanced-vector,onset-mismatch,complete-chord-wrong-onset,2,,1,1,3.5,3,0.5,G#4,G#4,,,,,
piano-dense-advanced-vector,onset-mismatch,complete-chord-wrong-onset,2,,2,2,0,0.5,0.5,D2,D2,,,,,
piano-dense-advanced-vector,onset-mismatch,complete-chord-wrong-onset,2,,2,2,0,0.5,0.5,A2,A2,,,,,
piano-dense-advanced-vector,onset-mismatch,complete-chord-wrong-onset,2,,2,2,0,0.5,0.5,D3,D3,,,,,
piano-dense-advanced-vector,onset-mismatch,complete-chord-wrong-onset,2,,2,2,1,1.5,0.5,E2,E2,,,,,
piano-dense-advanced-vector,onset-mismatch,complete-chord-wrong-onset,2,,2,2,1,1.5,0.5,B2,B2,,,,,
piano-dense-advanced-vector,onset-mismatch,complete-chord-wrong-onset,2,,2,2,3,2.5,0.5,G2,G2,,,,,
piano-dense-advanced-vector,onset-mismatch,complete-chord-wrong-onset,2,,2,2,3,2.5,0.5,D3,D3,,,,,
piano-dense-advanced-vector,onset-mismatch,complete-chord-wrong-onset,2,,1,1,3.5,3,0.5,E4,F4,,,,,
piano-dense-advanced-vector,onset-mismatch,complete-chord-wrong-onset,2,,1,1,3.5,3,0.5,B4,C5,,,,,
piano-dense-advanced-vector,missing-note,note-dropped-during-packing,2,,1,1,0,,,A4,,,,,,
piano-dense-advanced-vector,missing-note,note-dropped-during-packing,2,,1,1,0.5,,,E4,,,,,,
piano-dense-advanced-vector,missing-note,note-dropped-during-packing,2,,1,1,0.5,,,B4,,,,,,
piano-dense-advanced-vector,extra-note,nearby-voices-incorrectly-merged,2,,1,1,,1.5,,,F#4,,,,,
piano-dense-advanced-vector,extra-note,nearby-voices-incorrectly-merged,2,,1,1,,1.5,,,A#4,,,,,
piano-dense-advanced-vector,extra-note,nearby-voices-incorrectly-merged,2,,1,1,,1.5,,,C#5,,,,,
piano-dense-advanced-vector,incorrect-chord,remaining-pitch-masquerading-as-chord,2,,,,,,,,,A4 C#5 E5,A#4 C#5 E5,,,
piano-dense-advanced-vector,incorrect-chord,note-dropped-during-packing,2,,,,,,,,,D4 F#4 A4,D4 F#4,,,
piano-dense-advanced-vector,incorrect-chord,note-dropped-during-packing,2,,,,,,,,,E4 G#4 B4,G#4,,,
piano-dense-advanced-vector,incorrect-chord,remaining-pitch-masquerading-as-chord,2,,,,,,,,,F#4 A#4 C#5,F4 A#4 C5,,,
piano-dense-advanced-vector,incorrect-chord,nearby-voices-incorrectly-merged,2,,,,,,,,,G4 B4 D5,F#4 G#4 A#4 C5 C#5 D#5,,,
piano-dense-advanced-vector,incorrect-chord,remaining-pitch-masquerading-as-chord,2,,,,,,,,,G4 B4 D5,G#4 C5 D#5,,,
piano-dense-advanced-vector,incorrect-chord,remaining-pitch-masquerading-as-chord,2,,,,,,,,,E4 G#4 B4,F4 G#4 C5,,,
piano-dense-advanced-vector,onset-mismatch,complete-chord-wrong-onset,3,,1,1,0,0.5,0.5,G#4,G#4,,,,,
piano-dense-advanced-vector,onset-mismatch,complete-chord-wrong-onset,3,,1,1,0.5,1,0.5,A#4,A#4,,,,,
piano-dense-advanced-vector,onset-mismatch,complete-chord-wrong-onset,3,,1,1,0.5,1,0.5,C#5,C#5,,,,,
piano-dense-advanced-vector,onset-mismatch,complete-chord-wrong-onset,3,,1,1,1,0.5,0.5,C5,C5,,,,,
piano-dense-advanced-vector,onset-mismatch,complete-chord-wrong-onset,3,,1,1,3,2.5,0.5,G#4,G#4,,,,,
piano-dense-advanced-vector,onset-mismatch,complete-chord-wrong-onset,3,,2,2,0,0.5,0.5,E2,E2,,,,,
piano-dense-advanced-vector,onset-mismatch,complete-chord-wrong-onset,3,,2,2,0,0.5,0.5,B2,B2,,,,,
piano-dense-advanced-vector,onset-mismatch,complete-chord-wrong-onset,3,,2,2,0,0.5,0.5,E3,E3,,,,,
piano-dense-advanced-vector,onset-mismatch,complete-chord-wrong-onset,3,,1,1,1,1.5,0.5,G#4,G#4,,,,,
piano-dense-advanced-vector,onset-mismatch,complete-chord-wrong-onset,3,,1,1,1,1.5,0.5,D#5,D#5,,,,,
piano-dense-advanced-vector,onset-mismatch,complete-chord-wrong-onset,3,,1,1,3.5,3,0.5,A#4,A#4,,,,,
piano-dense-advanced-vector,onset-mismatch,complete-chord-wrong-onset,3,,1,1,3.5,3,0.5,C#5,C#5,,,,,
piano-dense-advanced-vector,onset-mismatch,complete-chord-wrong-onset,3,,2,2,1,1.5,0.5,F#2,F#2,,,,,
piano-dense-advanced-vector,onset-mismatch,complete-chord-wrong-onset,3,,2,2,1,1.5,0.5,C#3,C#3,,,,,
piano-dense-advanced-vector,onset-mismatch,complete-chord-wrong-onset,3,,2,2,3,2.5,0.5,A2,A2,,,,,
piano-dense-advanced-vector,onset-mismatch,complete-chord-wrong-onset,3,,2,2,3,2.5,0.5,E3,E3,,,,,
piano-dense-advanced-vector,onset-mismatch,complete-chord-wrong-onset,3,,1,1,3,2.5,0.5,C5,C#5,,,,,
piano-dense-advanced-vector,onset-mismatch,complete-chord-wrong-onset,3,,1,1,3.5,3,0.5,F#4,F4,,,,,
piano-dense-advanced-vector,missing-note,note-dropped-during-packing,3,,1,1,0,,,E4,,,,,,
piano-dense-advanced-vector,missing-note,note-dropped-during-packing,3,,1,1,0,,,B4,,,,,,
piano-dense-advanced-vector,extra-note,nearby-voices-incorrectly-merged,3,,1,1,,1,,,F4,,,,,
piano-dense-advanced-vector,extra-note,nearby-voices-incorrectly-merged,3,,1,1,,1.5,,,C#5,,,,,
piano-dense-advanced-vector,incorrect-chord,nearby-voices-incorrectly-merged,3,,,,,,,,,A4 C#5 E5,A#4 C#5 C#5 F5,,,
piano-dense-advanced-vector,incorrect-chord,remaining-pitch-masquerading-as-chord,3,,,,,,,,,B4 D#5 F#5,C5 D#5 F5,,,
piano-dense-advanced-vector,incorrect-chord,remaining-pitch-masquerading-as-chord,3,,,,,,,,,A4 C#5 E5,A#4 C#5 F5,,,
piano-dense-advanced-vector,incorrect-chord,remaining-pitch-masquerading-as-chord,3,,,,,,,,,G#4 C5 D#5,G#4 C#5 D#5,,,
piano-dense-advanced-vector,incorrect-chord,note-dropped-during-packing,3,,,,,,,,,E4 G#4 B4,G#4,,,
piano-dense-advanced-vector,incorrect-chord,remaining-pitch-masquerading-as-chord,3,,,,,,,,,F#4 A#4 C#5,F4 A#4 C#5,,,
piano-dense-advanced-vector,incorrect-chord,nearby-voices-incorrectly-merged,3,,,,,,,,,G#4 C5 D#5,F4 G#4 C5 D#5,,,
piano-dense-advanced-vector,incorrect-chord,remaining-pitch-masquerading-as-chord,3,,,,,,,,,F#4 A#4 C#5,F4 A#4 C#5,,,
piano-dense-advanced-vector,onset-mismatch,complete-chord-wrong-onset,4,,1,1,0,0.5,0.5,F4,F4,,,,,
piano-dense-advanced-vector,onset-mismatch,complete-chord-wrong-onset,4,,1,1,0,0.5,0.5,A4,A4,,,,,
piano-dense-advanced-vector,onset-mismatch,complete-chord-wrong-onset,4,,1,1,0,0.5,0.5,C5,C5,,,,,
piano-dense-advanced-vector,onset-mismatch,complete-chord-wrong-onset,4,,1,1,0.5,1,0.5,G4,G4,,,,,
piano-dense-advanced-vector,onset-mismatch,complete-chord-wrong-onset,4,,1,1,0.5,1,0.5,B4,B4,,,,,
piano-dense-advanced-vector,onset-mismatch,complete-chord-wrong-onset,4,,1,1,1,1.5,0.5,E5,E5,,,,,
piano-dense-advanced-vector,onset-mismatch,complete-chord-wrong-onset,4,,1,1,1.5,2,0.5,F5,F5,,,,,
piano-dense-advanced-vector,onset-mismatch,complete-chord-wrong-onset,4,,1,1,3,2.5,0.5,C#5,C#5,,,,,
piano-dense-advanced-vector,onset-mismatch,complete-chord-wrong-onset,4,,1,1,3,2.5,0.5,E5,E5,,,,,
piano-dense-advanced-vector,onset-mismatch,complete-chord-wrong-onset,4,,1,1,3.5,3,0.5,G4,G4,,,,,
piano-dense-advanced-vector,onset-mismatch,complete-chord-wrong-onset,4,,1,1,3.5,3,0.5,B4,B4,,,,,
piano-dense-advanced-vector,onset-mismatch,complete-chord-wrong-onset,4,,2,2,0,0.5,0.5,F2,F2,,,,,
piano-dense-advanced-vector,onset-mismatch,complete-chord-wrong-onset,4,,2,2,0,0.5,0.5,C3,C3,,,,,
piano-dense-advanced-vector,onset-mismatch,complete-chord-wrong-onset,4,,2,2,0,0.5,0.5,F3,F3,,,,,
piano-dense-advanced-vector,onset-mismatch,complete-chord-wrong-onset,4,,2,2,1,1.5,0.5,G2,G2,,,,,
piano-dense-advanced-vector,onset-mismatch,complete-chord-wrong-onset,4,,2,2,1,1.5,0.5,D3,D3,,,,,
piano-dense-advanced-vector,onset-mismatch,complete-chord-wrong-onset,4,,2,2,3,2.5,0.5,A#2,A#2,,,,,
piano-dense-advanced-vector,onset-mismatch,complete-chord-wrong-onset,4,,2,2,3,2.5,0.5,F3,F3,,,,,
piano-dense-advanced-vector,onset-mismatch,complete-chord-wrong-onset,4,,1,1,0.5,1,0.5,D5,D#5,,,,,
piano-dense-advanced-vector,onset-mismatch,complete-chord-wrong-onset,4,,1,1,1,1.5,0.5,A4,A#4,,,,,
piano-dense-advanced-vector,onset-mismatch,complete-chord-wrong-onset,4,,1,1,1,1.5,0.5,C#5,C5,,,,,
piano-dense-advanced-vector,onset-mismatch,complete-chord-wrong-onset,4,,1,1,3,2.5,0.5,A4,A#4,,,,,
piano-dense-advanced-vector,onset-mismatch,complete-chord-wrong-onset,4,,1,1,3.5,3,0.5,D5,D#5,,,,,
piano-dense-advanced-vector,onset-mismatch,complete-chord-wrong-onset,4,,1,1,2,1.5,0.5,G5,E5,,,,,
piano-dense-advanced-vector,incorrect-chord,remaining-pitch-masquerading-as-chord,4,,,,,,,,,A#4 D5 F5,A#4 D#5 F5,,,
piano-dense-advanced-vector,incorrect-chord,same-chord-split-across-onsets,4,,,,,,,,,C5 E5 G5,C#5 E5 E5,,,
piano-dense-advanced-vector,incorrect-chord,remaining-pitch-masquerading-as-chord,4,,,,,,,,,A#4 D5 F5,A#4 D#5 E5,,,
piano-dense-advanced-vector,incorrect-chord,remaining-pitch-masquerading-as-chord,4,,,,,,,,,G4 B4 D5,G4 B4 D#5,,,
piano-dense-advanced-vector,incorrect-chord,remaining-pitch-masquerading-as-chord,4,,,,,,,,,A4 C#5 E5,A#4 C5 E5,,,
piano-dense-advanced-vector,incorrect-chord,remaining-pitch-masquerading-as-chord,4,,,,,,,,,A4 C#5 E5,A#4 C#5 E5,,,
piano-dense-advanced-vector,incorrect-chord,remaining-pitch-masquerading-as-chord,4,,,,,,,,,G4 B4 D5,G4 B4 D#5,,,
piano-dense-advanced-vector,onset-mismatch,complete-chord-wrong-onset,5,,1,1,2,2.25,0.25,F#5,F#5,,,,,
piano-dense-advanced-vector,onset-mismatch,complete-chord-wrong-onset,5,,1,1,0.5,0.75,0.25,A4,A4,,,,,
piano-dense-advanced-vector,onset-mismatch,complete-chord-wrong-onset,5,,1,1,3,2.75,0.25,B4,B4,,,,,
piano-dense-advanced-vector,onset-mismatch,complete-chord-wrong-onset,5,,1,1,3,3.25,0.25,D#5,D#5,,,,,
piano-dense-advanced-vector,onset-mismatch,complete-chord-wrong-onset,5,,1,1,3.5,3.25,0.25,A4,A4,,,,,
piano-dense-advanced-vector,onset-mismatch,complete-chord-wrong-onset,5,,1,1,3.5,3.25,0.25,C#5,C#5,,,,,
piano-dense-advanced-vector,onset-mismatch,complete-chord-wrong-onset,5,,1,1,1,1.5,0.5,D#5,D#5,,,,,
piano-dense-advanced-vector,onset-mismatch,complete-chord-wrong-onset,5,,1,1,1,1.5,0.5,F#5,F#5,,,,,
piano-dense-advanced-vector,onset-mismatch,complete-chord-wrong-onset,5,,2,2,3,2.75,0.25,C3,C3,,,,,
piano-dense-advanced-vector,onset-mismatch,complete-chord-wrong-onset,5,,1,1,1.5,2,0.5,G5,G5,,,,,
piano-dense-advanced-vector,onset-mismatch,complete-chord-wrong-onset,5,,1,1,2.5,2.25,0.25,C5,C#5,,,,,
piano-dense-advanced-vector,onset-mismatch,complete-chord-wrong-onset,5,,1,1,2.5,2.25,0.25,E5,D#5,,,,,
piano-dense-advanced-vector,onset-mismatch,complete-chord-wrong-onset,5,,1,1,0.5,0.75,0.25,C#5,C5,,,,,
piano-dense-advanced-vector,onset-mismatch,complete-chord-wrong-onset,5,,1,1,3,2.75,0.25,F#5,F5,,,,,
piano-dense-advanced-vector,onset-mismatch,complete-chord-wrong-onset,5,,1,1,1.5,1,0.5,E5,F5,,,,,
piano-dense-advanced-vector,onset-mismatch,complete-chord-wrong-onset,5,,2,2,2,1.5,0.5,F#3,F3,,,,,
piano-dense-advanced-vector,onset-mismatch,complete-chord-wrong-onset,5,,2,2,3,2.75,0.25,G3,F3,,,,,
piano-dense-advanced-vector,onset-mismatch,complete-chord-wrong-onset,5,,1,1,2.5,2,0.5,G5,F5,,,,,
piano-dense-advanced-vector,onset-mismatch,complete-chord-wrong-onset,5,,1,1,3.5,2.75,0.75,E5,C#5,,,,,
piano-dense-advanced-vector,missing-note,note-dropped-during-packing,5,,1,1,2,,,A5,,,,,,
piano-dense-advanced-vector,extra-note,nearby-voices-incorrectly-merged,5,,1,1,,1,,,C5,,,,,
piano-dense-advanced-vector,incorrect-chord,remaining-pitch-masquerading-as-chord,5,,,,,,,,,C5 E5 G5,C5 F5 G5,,,
piano-dense-advanced-vector,incorrect-chord,same-chord-split-across-onsets,5,,,,,,,,,G4 B4 D5,G4 B4 C5,,,
piano-dense-advanced-vector,incorrect-chord,nearby-voices-incorrectly-merged,5,,,,,,,,,B4 D#5 F#5,B4 C5 D#5 F#5,,,
piano-dense-advanced-vector,incorrect-chord,note-dropped-during-packing,5,,,,,,,,,D5 F#5 A5,C#5 F#5,,,
piano-dense-advanced-vector,incorrect-chord,same-chord-split-across-onsets,5,,,,,,,,,G2 D3 G3,G2 D3 F3,,,
piano-dense-advanced-vector,incorrect-chord,remaining-pitch-masquerading-as-chord,5,,,,,,,,,B2 F#3,B2 F3,,,
piano-dense-advanced-vector,incorrect-chord,remaining-pitch-masquerading-as-chord,5,,,,,,,,,A4 C#5 E5,A4 C5 D#5,,,
piano-dense-advanced-vector,incorrect-chord,remaining-pitch-masquerading-as-chord,5,,,,,,,,,B4 D#5 F#5,B4 D#5 F5,,,
piano-dense-advanced-vector,incorrect-chord,same-chord-split-across-onsets,5,,,,,,,,,A4 C#5 E5,A4 C#5 C#5,,,
piano-dense-advanced-vector,incorrect-chord,same-chord-split-across-onsets,5,,,,,,,,,C3 G3,C3 F3,,,
piano-dense-advanced-vector,incorrect-chord,same-chord-split-across-onsets,5,,,,,,,,,C5 E5 G5,C#5 D#5 F5,,,
piano-dense-advanced-vector,onset-mismatch,complete-chord-wrong-onset,6,,1,1,0,0.5,0.5,C#5,C#5,,,,,
piano-dense-advanced-vector,onset-mismatch,complete-chord-wrong-onset,6,,1,1,0.5,1,0.5,B4,B4,,,,,
piano-dense-advanced-vector,onset-mismatch,complete-chord-wrong-onset,6,,1,1,1,1.5,0.5,G#5,G#5,,,,,
piano-dense-advanced-vector,onset-mismatch,complete-chord-wrong-onset,6,,1,1,1.5,2,0.5,A5,A5,,,,,
piano-dense-advanced-vector,onset-mismatch,complete-chord-wrong-onset,6,,1,1,2.5,2,0.5,F#5,F#5,,,,,
piano-dense-advanced-vector,onset-mismatch,complete-chord-wrong-onset,6,,1,1,2,2.5,0.5,G#5,G#5,,,,,
piano-dense-advanced-vector,onset-mismatch,complete-chord-wrong-onset,6,,1,1,3.5,3,0.5,F#5,F#5,,,,,
piano-dense-advanced-vector,onset-mismatch,complete-chord-wrong-onset,6,,1,1,3.5,3,0.5,B4,B4,,,,,
piano-dense-advanced-vector,onset-mismatch,complete-chord-wrong-onset,6,,2,2,0,0.5,0.5,A2,A2,,,,,
piano-dense-advanced-vector,onset-mismatch,complete-chord-wrong-onset,6,,2,2,0,0.5,0.5,E3,E3,,,,,
piano-dense-advanced-vector,onset-mismatch,complete-chord-wrong-onset,6,,2,2,1,1.5,0.5,B2,B2,,,,,
piano-dense-advanced-vector,onset-mismatch,complete-chord-wrong-onset,6,,2,2,3,2.5,0.5,D3,D3,,,,,
piano-dense-advanced-vector,onset-mismatch,complete-chord-wrong-onset,6,,1,1,0,0.5,0.5,A4,A#4,,,,,
piano-dense-advanced-vector,onset-mismatch,complete-chord-wrong-onset,6,,2,2,1,0.5,0.5,F#3,G3,,,,,
piano-dense-advanced-vector,onset-mismatch,complete-chord-wrong-onset,6,,2,2,2,2.5,0.5,G#3,G3,,,,,
piano-dense-advanced-vector,onset-mismatch,complete-chord-wrong-onset,6,,1,1,3,2.5,0.5,G#5,F5,,,,,
piano-dense-advanced-vector,onset-mismatch,complete-chord-wrong-onset,6,,1,1,2,1.5,0.5,B5,F5,,,,,
piano-dense-advanced-vector,missing-note,note-dropped-during-packing,6,,1,1,0,,,E5,,,,,,
piano-dense-advanced-vector,missing-note,note-dropped-during-packing,6,,1,1,0.5,,,F#5,,,,,,
piano-dense-advanced-vector,missing-note,note-dropped-during-packing,6,,1,1,3.5,,,D#5,,,,,,
piano-dense-advanced-vector,missing-note,note-dropped-during-packing,6,,2,2,0,,,A3,,,,,,
piano-dense-advanced-vector,missing-note,note-dropped-during-packing,6,,2,2,3,,,A3,,,,,,
piano-dense-advanced-vector,extra-note,nearby-voices-incorrectly-merged,6,,1,1,,1.5,,,C#5,,,,,
piano-dense-advanced-vector,extra-note,nearby-voices-incorrectly-merged,6,,1,1,,1.5,,,F5,,,,,
piano-dense-advanced-vector,extra-note,nearby-voices-incorrectly-merged,6,,1,1,,2.5,,,C#5,,,,,
piano-dense-advanced-vector,extra-note,nearby-voices-incorrectly-merged,6,,2,2,,1.5,,,F3,,,,,
piano-dense-advanced-vector,extra-note,nearby-voices-incorrectly-merged,6,,2,2,,2,,,F#3,,,,,
piano-dense-advanced-vector,incorrect-chord,note-dropped-during-packing,6,,,,,,,,,B4 D#5 F#5,B4 D#5,,,
piano-dense-advanced-vector,incorrect-chord,nearby-voices-incorrectly-merged,6,,,,,,,,,D5 F#5 A5,C#5 C#5 F5 F#5 A5,,,
piano-dense-advanced-vector,incorrect-chord,same-chord-split-across-onsets,6,,,,,,,,,C#5 F5 G#5,C#5 F5 F5,,,
piano-dense-advanced-vector,incorrect-chord,nearby-voices-incorrectly-merged,6,,,,,,,,,C#3 G#3,C#3 F#3 G3,,,
piano-dense-advanced-vector,incorrect-chord,note-dropped-during-packing,6,,,,,,,,,A4 C#5 E5,A#4 C#5,,,
piano-dense-advanced-vector,incorrect-chord,nearby-voices-incorrectly-merged,6,,,,,,,,,D5 F#5 A5,C#5 C#5 F5 F#5,,,
piano-dense-advanced-vector,incorrect-chord,same-chord-split-across-onsets,6,,,,,,,,,E5 G#5 B5,D#5 F5 G#5,,,
piano-dense-advanced-vector,incorrect-chord,note-dropped-during-packing,6,,,,,,,,,B4 D#5 F#5,B4 F#5,,,
piano-dense-advanced-vector,incorrect-chord,note-dropped-during-packing,6,,,,,,,,,A2 E3 A3,A2 E3,,,
piano-dense-advanced-vector,incorrect-chord,remaining-pitch-masquerading-as-chord,6,,,,,,,,,B2 F#3,B2 G3,,,
piano-dense-advanced-vector,incorrect-chord,note-dropped-during-packing,6,,,,,,,,,D3 A3,D3,,,
piano-dense-advanced-vector,onset-mismatch,complete-chord-wrong-onset,7,,1,1,1,1.5,0.5,D#5,D#5,,,,,
piano-dense-advanced-vector,onset-mismatch,complete-chord-wrong-onset,7,,1,1,1,1.5,0.5,A#5,A#5,,,,,
piano-dense-advanced-vector,onset-mismatch,complete-chord-wrong-onset,7,,1,1,2,1.5,0.5,F#5,F#5,,,,,
piano-dense-advanced-vector,onset-mismatch,complete-chord-wrong-onset,7,,1,1,2.5,2,0.5,G#5,G#5,,,,,
piano-dense-advanced-vector,onset-mismatch,complete-chord-wrong-onset,7,,1,1,2,2.5,0.5,A#5,A#5,,,,,
piano-dense-advanced-vector,onset-mismatch,complete-chord-wrong-onset,7,,1,1,3,2.5,0.5,D#5,D#5,,,,,
piano-dense-advanced-vector,onset-mismatch,complete-chord-wrong-onset,7,,1,1,3.5,3,0.5,G#5,G#5,,,,,
piano-dense-advanced-vector,onset-mismatch,complete-chord-wrong-onset,7,,1,1,3.5,3,0.5,C#5,C#5,,,,,
piano-dense-advanced-vector,onset-mismatch,complete-chord-wrong-onset,7,,1,1,3.5,3,0.5,F5,F5,,,,,
piano-dense-advanced-vector,onset-mismatch,complete-chord-wrong-onset,7,,2,2,0,0.5,0.5,B2,B2,,,,,
piano-dense-advanced-vector,onset-mismatch,complete-chord-wrong-onset,7,,2,2,1,1.5,0.5,C#3,C#3,,,,,
piano-dense-advanced-vector,onset-mismatch,complete-chord-wrong-onset,7,,1,1,0,0.5,0.5,B4,C5,,,,,
piano-dense-advanced-vector,onset-mismatch,complete-chord-wrong-onset,7,,1,1,1.5,1,0.5,E5,F5,,,,,
piano-dense-advanced-vector,onset-mismatch,complete-chord-wrong-onset,7,,1,1,2.5,2,0.5,E5,F5,,,,,
piano-dense-advanced-vector,onset-mismatch,complete-chord-wrong-onset,7,,2,2,0,0.5,0.5,F#3,F3,,,,,
piano-dense-advanced-vector,onset-mismatch,complete-chord-wrong-onset,7,,2,2,1,0.5,0.5,G#3,A3,,,,,
piano-dense-advanced-vector,onset-mismatch,complete-chord-wrong-onset,7,,2,2,2,2.5,0.5,A#3,A3,,,,,
piano-dense-advanced-vector,onset-mismatch,complete-chord-wrong-onset,7,,2,2,3,2.5,0.5,E3,F3,,,,,
piano-dense-advanced-vector,onset-mismatch,complete-chord-wrong-onset,7,,1,1,3,2.5,0.5,A#5,F#5,,,,,
piano-dense-advanced-vector,onset-mismatch,complete-chord-wrong-onset,7,,1,1,0.5,1,0.5,G#5,C#5,,,,,
piano-dense-advanced-vector,missing-note,note-dropped-during-packing,7,,1,1,0,,,D#5,,,,,,
piano-dense-advanced-vector,missing-note,note-dropped-during-packing,7,,1,1,0,,,F#5,,,,,,
piano-dense-advanced-vector,missing-note,note-dropped-during-packing,7,,2,2,0,,,B3,,,,,,
piano-dense-advanced-vector,missing-note,note-dropped-during-packing,7,,2,2,3,,,B3,,,,,,
piano-dense-advanced-vector,extra-note,nearby-voices-incorrectly-merged,7,,1,1,,1.5,,,C#5,,,,,
piano-dense-advanced-vector,extra-note,nearby-voices-incorrectly-merged,7,,1,1,,2.5,,,C#5,,,,,
piano-dense-advanced-vector,extra-note,nearby-voices-incorrectly-merged,7,,2,2,,1.5,,,F#3,,,,,
piano-dense-advanced-vector,extra-note,nearby-voices-incorrectly-merged,7,,2,2,,2,,,G#3,,,,,
piano-dense-advanced-vector,incorrect-chord,same-chord-split-across-onsets,7,,,,,,,,,C#5 F5 G#5,C#5 C#5 F5,,,
piano-dense-advanced-vector,incorrect-chord,nearby-voices-incorrectly-merged,7,,,,,,,,,E5 G#5 B5,C#5 F5 F#5 G#5,,,
piano-dense-advanced-vector,incorrect-chord,nearby-voices-incorrectly-merged,7,,,,,,,,,D#3 A#3,D#3 G#3 A3,,,
piano-dense-advanced-vector,incorrect-chord,remaining-pitch-masquerading-as-chord,7,,,,,,,,,D#5 G5 A#5,D#5 F#5 A#5,,,
piano-dense-advanced-vector,incorrect-chord,remaining-pitch-masquerading-as-chord,7,,,,,,,,,F#5 A#5 C#6,F#5 A#5 C6,,,
piano-dense-advanced-vector,incorrect-chord,nearby-voices-incorrectly-merged,7,,,,,,,,,E5 G#5 B5,C#5 F5 F#5 G#5,,,
piano-dense-advanced-vector,incorrect-chord,same-chord-split-across-onsets,7,,,,,,,,,D#5 G5 A#5,D#5 F#5 F#5,,,
piano-dense-advanced-vector,incorrect-chord,note-dropped-during-packing,7,,,,,,,,,B2 F#3 B3,B2 F3,,,
piano-dense-advanced-vector,incorrect-chord,remaining-pitch-masquerading-as-chord,7,,,,,,,,,C#3 G#3,C#3 A3,,,
piano-dense-advanced-vector,incorrect-chord,note-dropped-during-packing,7,,,,,,,,,B4 D#5 F#5,C5,,,
piano-dense-advanced-vector,incorrect-chord,note-dropped-during-packing,7,,,,,,,,,E3 B3,F3,,,
piano-dense-advanced-vector,onset-mismatch,complete-chord-wrong-onset,8,,1,1,0,0.5,0.5,C5,C5,,,,,
piano-dense-advanced-vector,onset-mismatch,complete-chord-wrong-onset,8,,1,1,1,1.5,0.5,B5,B5,,,,,
piano-dense-advanced-vector,onset-mismatch,complete-chord-wrong-onset,8,,1,1,1.5,2,0.5,C6,C6,,,,,
piano-dense-advanced-vector,onset-mismatch,complete-chord-wrong-onset,8,,1,1,2,2.5,0.5,B5,B5,,,,,
piano-dense-advanced-vector,onset-mismatch,complete-chord-wrong-onset,8,,2,2,0,0.5,0.5,C3,C3,,,,,
piano-dense-advanced-vector,onset-mismatch,complete-chord-wrong-onset,8,,2,2,1,1.5,0.5,D3,D3,,,,,
piano-dense-advanced-vector,onset-mismatch,complete-chord-wrong-onset,8,,2,2,2,2.5,0.5,B3,B3,,,,,
piano-dense-advanced-vector,onset-mismatch,complete-chord-wrong-onset,8,,2,2,0,0.5,0.5,C4,B3,,,,,
piano-dense-advanced-vector,onset-mismatch,complete-chord-wrong-onset,8,,2,2,3,2.5,0.5,F3,E3,,,,,
piano-dense-advanced-vector,onset-mismatch,complete-chord-wrong-onset,8,,1,1,3.5,3,0.5,D5,C5,,,,,
piano-dense-advanced-vector,onset-mismatch,complete-chord-wrong-onset,8,,2,2,0,0.5,0.5,G3,F3,,,,,
piano-dense-advanced-vector,onset-mismatch,complete-chord-wrong-onset,8,,2,2,1,1.5,0.5,A3,G3,,,,,
piano-dense-advanced-vector,onset-mismatch,complete-chord-wrong-onset,8,,1,1,2.5,2,0.5,C6,A5,,,,,
piano-dense-advanced-vector,onset-mismatch,complete-chord-wrong-onset,8,,1,1,3,2.5,0.5,B5,G#5,,,,,
piano-dense-advanced-vector,onset-mismatch,complete-chord-wrong-onset,8,,1,1,2,1.5,0.5,D6,G#5,,,,,
piano-dense-advanced-vector,onset-mismatch,complete-chord-wrong-onset,8,,1,1,0.5,1,0.5,A5,C5,,,,,
piano-dense-advanced-vector,missing-note,note-dropped-during-packing,8,,1,1,0,,,E5,,,,,,
piano-dense-advanced-vector,missing-note,note-dropped-during-packing,8,,1,1,0,,,G5,,,,,,
piano-dense-advanced-vector,missing-note,note-dropped-during-packing,8,,1,1,3.5,,,F#5,,,,,,
piano-dense-advanced-vector,missing-note,note-dropped-during-packing,8,,1,1,3.5,,,A5,,,,,,
piano-dense-advanced-vector,missing-note,note-dropped-during-packing,8,,2,2,3,,,C4,,,,,,
piano-dense-advanced-vector,extra-note,nearby-voices-incorrectly-merged,8,,1,1,,1.5,,,D5,,,,,
piano-dense-advanced-vector,extra-note,nearby-voices-incorrectly-merged,8,,1,1,,1.5,,,F#5,,,,,
piano-dense-advanced-vector,extra-note,nearby-voices-incorrectly-merged,8,,1,1,,2.5,,,D5,,,,,
piano-dense-advanced-vector,extra-note,nearby-voices-incorrectly-merged,8,,1,1,,2.5,,,E5,,,,,
piano-dense-advanced-vector,extra-note,nearby-voices-incorrectly-merged,8,,2,2,,2,,,A3,,,,,
piano-dense-advanced-vector,incorrect-chord,same-chord-split-across-onsets,8,,,,,,,,,D5 F#5 A5,C5 D5 F#5,,,
piano-dense-advanced-vector,incorrect-chord,nearby-voices-incorrectly-merged,8,,,,,,,,,F5 A5 C6,D5 E5 F#5 A5 A5,,,
piano-dense-advanced-vector,incorrect-chord,nearby-voices-incorrectly-merged,8,,,,,,,,,F5 A5 C6,D5 E5 F#5 A5 C6,,,
piano-dense-advanced-vector,incorrect-chord,same-chord-split-across-onsets,8,,,,,,,,,E5 G#5 B5,E5 G#5 G#5,,,
piano-dense-advanced-vector,incorrect-chord,nearby-voices-incorrectly-merged,8,,,,,,,,,E3 B3,E3 A3 B3,,,
piano-dense-advanced-vector,incorrect-chord,note-dropped-during-packing,8,,,,,,,,,C5 E5 G5,C5,,,
piano-dense-advanced-vector,incorrect-chord,same-chord-split-across-onsets,8,,,,,,,,,G5 B5 D6,F#5 G#5 B5,,,
piano-dense-advanced-vector,incorrect-chord,same-chord-split-across-onsets,8,,,,,,,,,C3 G3 C4,C3 F3 B3,,,
piano-dense-advanced-vector,incorrect-chord,same-chord-split-across-onsets,8,,,,,,,,,D3 A3,D3 G3,,,
piano-dense-advanced-vector,incorrect-chord,note-dropped-during-packing,8,,,,,,,,,F3 C4,E3,,,
piano-dense-advanced-vector,incorrect-chord,note-dropped-during-packing,8,,,,,,,,,D5 F#5 A5,C5,,,
guitar-tab-sparse-vector,onset-mismatch,onset-resnap-or-gap-pack,1,,1,1,2,2.5,0.5,A3,A3,,,,,
guitar-tab-sparse-vector,onset-mismatch,onset-resnap-or-gap-pack,1,,1,1,0,0.25,0.25,E4,F4,,,,,
guitar-tab-sparse-vector,onset-mismatch,onset-resnap-or-gap-pack,1,,1,1,1,1.5,0.5,C4,E4,,,,,
guitar-tab-sparse-vector,extra-note,nearby-voices-incorrectly-merged,1,,1,1,,2,,,C4,,,,,
guitar-tab-sparse-vector,incorrect-chord,nearby-voices-incorrectly-merged,1,,,,,,,,,A3,A3 C4,,,
guitar-tab-sparse-vector,onset-mismatch,onset-resnap-or-gap-pack,2,,1,1,1,1.25,0.25,A4,A4,,,,,
guitar-tab-sparse-vector,onset-mismatch,onset-resnap-or-gap-pack,2,,1,1,3,2.75,0.25,C4,C4,,,,,
guitar-tab-sparse-vector,onset-mismatch,onset-resnap-or-gap-pack,2,,1,1,0,0.5,0.5,E5,E5,,,,,
guitar-tab-sparse-vector,extra-note,nearby-voices-incorrectly-merged,2,,1,1,,0.25,,,F#4,,,,,
guitar-tab-sparse-vector,onset-mismatch,onset-resnap-or-gap-pack,3,,1,1,1,1.25,0.25,D4,D4,,,,,
guitar-tab-sparse-vector,onset-mismatch,onset-resnap-or-gap-pack,3,,1,1,3,2.75,0.25,G3,G3,,,,,
guitar-tab-sparse-vector,onset-mismatch,onset-resnap-or-gap-pack,3,,1,1,0,0.5,0.5,G4,G4,,,,,
guitar-tab-sparse-vector,extra-note,nearby-voices-incorrectly-merged,3,,1,1,,0.25,,,G4,,,,,
guitar-tab-sparse-vector,onset-mismatch,onset-resnap-or-gap-pack,4,,1,1,1,1.25,0.25,G4,G4,,,,,
guitar-tab-sparse-vector,onset-mismatch,onset-resnap-or-gap-pack,4,,1,1,3,2.75,0.25,B3,B3,,,,,
guitar-tab-sparse-vector,onset-mismatch,onset-resnap-or-gap-pack,4,,1,1,0,0.5,0.5,B4,B4,,,,,
guitar-tab-sparse-vector,extra-note,nearby-voices-incorrectly-merged,4,,1,1,,0.25,,,G#4,,,,,
guitar-tab-sparse-vector,onset-mismatch,onset-resnap-or-gap-pack,5,,1,1,2,2.5,0.5,A3,A3,,,,,
guitar-tab-sparse-vector,onset-mismatch,onset-resnap-or-gap-pack,5,,1,1,1,1.25,0.25,C4,E4,,,,,
guitar-tab-sparse-vector,extra-note,nearby-voices-incorrectly-merged,5,,1,1,,2,,,C4,,,,,
guitar-tab-sparse-vector,incorrect-chord,nearby-voices-incorrectly-merged,5,,,,,,,,,A3,A3 C4,,,
guitar-tab-sparse-vector,onset-mismatch,onset-resnap-or-gap-pack,6,,1,1,1,1.25,0.25,A4,A4,,,,,
guitar-tab-sparse-vector,onset-mismatch,onset-resnap-or-gap-pack,6,,1,1,3,2.75,0.25,C4,C4,,,,,
guitar-tab-sparse-vector,onset-mismatch,onset-resnap-or-gap-pack,6,,1,1,0,0.5,0.5,E5,E5,,,,,
guitar-tab-sparse-vector,extra-note,nearby-voices-incorrectly-merged,6,,1,1,,0.25,,,A#4,,,,,
guitar-tab-sparse-vector,onset-mismatch,onset-resnap-or-gap-pack,7,,1,1,1,1.25,0.25,D4,D4,,,,,
guitar-tab-sparse-vector,onset-mismatch,onset-resnap-or-gap-pack,7,,1,1,3,2.75,0.25,G3,G3,,,,,
guitar-tab-sparse-vector,onset-mismatch,onset-resnap-or-gap-pack,7,,1,1,0,0.5,0.5,G4,G4,,,,,
guitar-tab-sparse-vector,extra-note,nearby-voices-incorrectly-merged,7,,1,1,,0.25,,,B4,,,,,
guitar-tab-sparse-vector,onset-mismatch,onset-resnap-or-gap-pack,8,,1,1,1,1.25,0.25,G4,G4,,,,,
guitar-tab-sparse-vector,onset-mismatch,onset-resnap-or-gap-pack,8,,1,1,3,2.75,0.25,B3,B3,,,,,
guitar-tab-sparse-vector,onset-mismatch,onset-resnap-or-gap-pack,8,,1,1,0,0.5,0.5,B4,B4,,,,,
guitar-tab-sparse-vector,extra-note,nearby-voices-incorrectly-merged,8,,1,1,,0.25,,,C5,,,,,
guitar-standard-chords-vector,onset-mismatch,complete-chord-wrong-onset,1,,1,1,3,2.75,0.25,E4,E4,,,,,
guitar-standard-chords-vector,onset-mismatch,complete-chord-wrong-onset,1,,1,1,3,2.75,0.25,G4,G4,,,,,
guitar-standard-chords-vector,onset-mismatch,onset-resnap-or-gap-pack,1,,1,1,0,0.25,0.25,E4,E4,,,,,
guitar-standard-chords-vector,onset-mismatch,complete-chord-wrong-onset,1,,1,1,2,1.75,0.25,E4,E4,,,,,
guitar-standard-chords-vector,onset-mismatch,complete-chord-wrong-onset,1,,1,1,2,1.75,0.25,G4,G4,,,,,
guitar-standard-chords-vector,incorrect-chord,remaining-pitch-masquerading-as-chord,1,,,,,,,,,F#4 A4,F4 A4,,,
guitar-standard-chords-vector,onset-mismatch,complete-chord-wrong-onset,2,,1,1,3,2.75,0.25,B3,B3,,,,,
guitar-standard-chords-vector,onset-mismatch,complete-chord-wrong-onset,2,,1,1,3,2.75,0.25,E4,E4,,,,,
guitar-standard-chords-vector,onset-mismatch,complete-chord-wrong-onset,2,,1,1,0,0.5,0.5,B3,B3,,,,,
guitar-standard-chords-vector,onset-mismatch,complete-chord-wrong-onset,2,,1,1,0,0.5,0.5,E4,E4,,,,,
guitar-standard-chords-vector,onset-mismatch,complete-chord-wrong-onset,2,,1,1,0.5,1,0.5,C#4,C#4,,,,,
guitar-standard-chords-vector,onset-mismatch,complete-chord-wrong-onset,2,,1,1,0.5,1,0.5,F#4,F#4,,,,,
guitar-standard-chords-vector,onset-mismatch,complete-chord-wrong-onset,2,,1,1,1,1.5,0.5,B3,B3,,,,,
guitar-standard-chords-vector,onset-mismatch,complete-chord-wrong-onset,2,,1,1,1,1.5,0.5,E4,E4,,,,,
guitar-standard-chords-vector,onset-mismatch,complete-chord-wrong-onset,3,,1,1,3,2.75,0.25,G3,G3,,,,,
guitar-standard-chords-vector,onset-mismatch,complete-chord-wrong-onset,3,,1,1,3,2.75,0.25,B3,B3,,,,,
guitar-standard-chords-vector,onset-mismatch,complete-chord-wrong-onset,3,,1,1,3,2.75,0.25,E4,E4,,,,,
guitar-standard-chords-vector,onset-mismatch,complete-chord-wrong-onset,3,,1,1,0.5,1,0.5,A3,A3,,,,,
guitar-standard-chords-vector,onset-mismatch,complete-chord-wrong-onset,3,,1,1,0.5,1,0.5,C#4,C#4,,,,,
guitar-standard-chords-vector,onset-mismatch,complete-chord-wrong-onset,3,,1,1,1,0.75,0.25,G3,G3,,,,,
guitar-standard-chords-vector,onset-mismatch,complete-chord-wrong-onset,3,,1,1,1,0.75,0.25,B3,B3,,,,,
guitar-standard-chords-vector,onset-mismatch,complete-chord-wrong-onset,3,,1,1,1,0.75,0.25,E4,E4,,,,,
guitar-standard-chords-vector,missing-note,note-dropped-during-packing,3,,1,1,0,,,G3,,,,,,
guitar-standard-chords-vector,missing-note,note-dropped-during-packing,3,,1,1,0,,,B3,,,,,,
guitar-standard-chords-vector,missing-note,note-dropped-during-packing,3,,1,1,0,,,E4,,,,,,
guitar-standard-chords-vector,extra-note,nearby-voices-incorrectly-merged,3,,1,1,,1.5,,,G3,,,,,
guitar-standard-chords-vector,extra-note,nearby-voices-incorrectly-merged,3,,1,1,,1.5,,,B3,,,,,
guitar-standard-chords-vector,extra-note,nearby-voices-incorrectly-merged,3,,1,1,,1.5,,,E4,,,,,
guitar-standard-chords-vector,incorrect-chord,note-dropped-during-packing,3,,,,,,,,,G3 B3 E4,,,,
guitar-standard-chords-vector,incorrect-chord,nearby-voices-incorrectly-merged,3,,,,,,,,,,G3 B3 E4,,,
guitar-standard-chords-vector,extra-note,evaluator-alignment-artifact,16,,1,1,,0,,,D#4,,,,,
guitar-standard-chords-vector,extra-note,evaluator-alignment-artifact,16,,1,1,,1,,,D#4,,,,,
guitar-standard-chords-vector,extra-note,evaluator-alignment-artifact,16,,1,1,,2,,,D#4,,,,,
guitar-paired-chords-vector,onset-mismatch,complete-chord-wrong-onset,1,,1,1,1,1.25,0.25,C4,C4,,,,,
guitar-paired-chords-vector,onset-mismatch,onset-resnap-or-gap-pack,1,,1,1,1,1.25,0.25,E4,E4,,,,,
guitar-paired-chords-vector,onset-mismatch,complete-chord-wrong-onset,1,,1,1,2,1.25,0.75,G3,G3,,,,,
guitar-paired-chords-vector,onset-mismatch,complete-chord-wrong-onset,1,,1,1,3,3.5,0.5,C4,D4,,,,,
guitar-paired-chords-vector,onset-mismatch,complete-chord-wrong-onset,1,,1,1,3,3.5,0.5,E4,G4,,,,,
guitar-paired-chords-vector,extra-note,nearby-voices-incorrectly-merged,1,,1,1,,0.5,,,C4,,,,,
guitar-paired-chords-vector,extra-note,nearby-voices-incorrectly-merged,1,,1,1,,0.5,,,E4,,,,,
guitar-paired-chords-vector,extra-note,nearby-voices-incorrectly-merged,1,,1,1,,3.5,,,D3,,,,,
guitar-paired-chords-vector,extra-note,nearby-voices-incorrectly-merged,1,,1,1,,3.5,,,A3,,,,,
guitar-paired-chords-vector,incorrect-chord,same-chord-split-across-onsets,1,,,,,,,,,C4 E4,D4 G4,,,
guitar-paired-chords-vector,incorrect-chord,nearby-voices-incorrectly-merged,1,,,,,,,,,,C4 E4,,,
guitar-paired-chords-vector,incorrect-chord,nearby-voices-incorrectly-merged,1,,,,,,,,,,D3 A3,,,
guitar-paired-chords-vector,missing-note,note-dropped-during-packing,2,,1,1,0,,,D3,,,,,,
guitar-paired-chords-vector,missing-note,note-dropped-during-packing,2,,1,1,2,,,D3,,,,,,
guitar-paired-chords-vector,missing-note,note-dropped-during-packing,2,,1,1,2,,,A3,,,,,,
guitar-paired-chords-vector,extra-note,nearby-voices-incorrectly-merged,2,,1,1,,1,,,D3,,,,,
guitar-paired-chords-vector,extra-note,nearby-voices-incorrectly-merged,2,,1,1,,3,,,E3,,,,,
guitar-paired-chords-vector,extra-note,nearby-voices-incorrectly-merged,2,,1,1,,3,,,A3,,,,,
guitar-paired-chords-vector,extra-note,nearby-voices-incorrectly-merged,2,,1,1,,3,,,E4,,,,,
guitar-paired-chords-vector,incorrect-chord,note-dropped-during-packing,2,,,,,,,,,D3 A3 D4 G4,A3 D4 G4,,,
guitar-paired-chords-vector,incorrect-chord,nearby-voices-incorrectly-merged,2,,,,,,,,,A3 D4 G4,D3 A3 D4 G4,,,
guitar-paired-chords-vector,incorrect-chord,note-dropped-during-packing,2,,,,,,,,,D3 A3 D4 G4,D4 G4,,,
guitar-paired-chords-vector,incorrect-chord,nearby-voices-incorrectly-merged,2,,,,,,,,,D4 G4,E3 A3 C4 E4 A4,,,
guitar-paired-chords-vector,missing-note,note-dropped-during-packing,3,,1,1,0,,,E3,,,,,,
guitar-paired-chords-vector,missing-note,note-dropped-during-packing,3,,1,1,2,,,E3,,,,,,
guitar-paired-chords-vector,missing-note,note-dropped-during-packing,3,,1,1,2,,,A3,,,,,,
guitar-paired-chords-vector,missing-note,note-dropped-during-packing,3,,1,1,2,,,C4,,,,,,
guitar-paired-chords-vector,extra-note,nearby-voices-incorrectly-merged,3,,1,1,,1,,,E3,,,,,
guitar-paired-chords-vector,extra-note,nearby-voices-incorrectly-merged,3,,1,1,,3,,,E3,,,,,
guitar-paired-chords-vector,extra-note,nearby-voices-incorrectly-merged,3,,1,1,,3,,,B3,,,,,
guitar-paired-chords-vector,extra-note,nearby-voices-incorrectly-merged,3,,1,1,,3,,,B4,,,,,
guitar-paired-chords-vector,extra-note,nearby-voices-incorrectly-merged,3,,1,1,,3,,,E5,,,,,
guitar-paired-chords-vector,incorrect-chord,note-dropped-during-packing,3,,,,,,,,,E3 A3 C4 E4 A4,A3 C4 E4 A4,,,
guitar-paired-chords-vector,incorrect-chord,nearby-voices-incorrectly-merged,3,,,,,,,,,A3 C4 E4 A4,E3 A3 C4 E4 A4,,,
guitar-paired-chords-vector,incorrect-chord,note-dropped-during-packing,3,,,,,,,,,E3 A3 C4 E4 A4,E4 A4,,,
guitar-paired-chords-vector,incorrect-chord,nearby-voices-incorrectly-merged,3,,,,,,,,,E4 A4,E3 B3 E4 G4 B4 E5,,,
guitar-paired-chords-vector,missing-note,note-dropped-during-packing,4,,1,1,0,,,E3,,,,,,
guitar-paired-chords-vector,missing-note,note-dropped-during-packing,4,,1,1,2,,,E3,,,,,,
guitar-paired-chords-vector,missing-note,note-dropped-during-packing,4,,1,1,2,,,B3,,,,,,
guitar-paired-chords-vector,missing-note,note-dropped-during-packing,4,,1,1,2,,,E4,,,,,,
guitar-paired-chords-vector,missing-note,note-dropped-during-packing,4,,1,1,2,,,G4,,,,,,
guitar-paired-chords-vector,missing-note,note-dropped-during-packing,4,,1,1,3,,,B4,,,,,,
guitar-paired-chords-vector,missing-note,note-dropped-during-packing,4,,1,1,3,,,E5,,,,,,
guitar-paired-chords-vector,extra-note,nearby-voices-incorrectly-merged,4,,1,1,,1,,,E3,,,,,
guitar-paired-chords-vector,incorrect-chord,note-dropped-during-packing,4,,,,,,,,,E3 B3 E4 G4 B4 E5,B3 E4 G4 B4 E5,,,
guitar-paired-chords-vector,incorrect-chord,nearby-voices-incorrectly-merged,4,,,,,,,,,B3 E4 G4 B4 E5,E3 B3 E4 G4 B4 E5,,,
guitar-paired-chords-vector,incorrect-chord,note-dropped-during-packing,4,,,,,,,,,E3 B3 E4 G4 B4 E5,B4 E5,,,
guitar-paired-chords-vector,incorrect-chord,note-dropped-during-packing,4,,,,,,,,,B4 E5,,,,
guitar-paired-chords-vector,missing-note,note-dropped-during-packing,5,,1,1,3,,,G4,,,,,,
guitar-paired-chords-vector,missing-note,note-dropped-during-packing,5,,1,1,3,,,B4,,,,,,
guitar-paired-chords-vector,incorrect-chord,note-dropped-during-packing,5,,,,,,,,,G4 B4,,,,
guitar-paired-chords-vector,missing-note,note-dropped-during-packing,8,,1,1,0,,,G2,,,,,,
guitar-paired-chords-vector,missing-note,note-dropped-during-packing,8,,1,1,0,,,C3,,,,,,
guitar-paired-chords-vector,missing-note,note-dropped-during-packing,8,,1,1,0,,,E3,,,,,,
guitar-paired-chords-vector,missing-note,note-dropped-during-packing,8,,1,1,1,,,C3,,,,,,
guitar-paired-chords-vector,missing-note,note-dropped-during-packing,8,,1,1,1,,,E3,,,,,,
guitar-paired-chords-vector,missing-note,note-dropped-during-packing,8,,1,1,2,,,G2,,,,,,
guitar-paired-chords-vector,missing-note,note-dropped-during-packing,8,,1,1,2,,,C3,,,,,,
guitar-paired-chords-vector,missing-note,note-dropped-during-packing,8,,1,1,2,,,E3,,,,,,
guitar-paired-chords-vector,incorrect-chord,note-dropped-during-packing,8,,,,,,,,,G2 C3 E3 G3 C4 E4,G3 C4 E4,,,
guitar-paired-chords-vector,incorrect-chord,note-dropped-during-packing,8,,,,,,,,,C3 E3 G3 C4 E4,G3 C4 E4,,,
guitar-paired-chords-vector,incorrect-chord,note-dropped-during-packing,8,,,,,,,,,G2 C3 E3 G3 C4 E4,G3 C4 E4,,,
